/*
Navicat MySQL Data Transfer

Source Server         : demo
Source Server Version : 50529
Source Host           : localhost:3306
Source Database       : recruit

Target Server Type    : MYSQL
Target Server Version : 50529
File Encoding         : 65001

Date: 2019-12-29 20:46:09
*/

SET FOREIGN_KEY_CHECKS=0;

-- ----------------------------
-- Table structure for `zp_browse`
-- ----------------------------
DROP TABLE IF EXISTS `zp_browse`;
CREATE TABLE `zp_browse` (
  `id` bigint(20) NOT NULL AUTO_INCREMENT,
  `employment_id` bigint(20) NOT NULL,
  `jobhunter_id` bigint(20) NOT NULL,
  `look_time` timestamp NOT NULL DEFAULT CURRENT_TIMESTAMP ON UPDATE CURRENT_TIMESTAMP,
  PRIMARY KEY (`id`)
) ENGINE=InnoDB AUTO_INCREMENT=12 DEFAULT CHARSET=utf8 ROW_FORMAT=DYNAMIC;

-- ----------------------------
-- Records of zp_browse
-- ----------------------------
INSERT INTO `zp_browse` VALUES ('1', '2855', '1136', '2019-10-18 10:02:50');
INSERT INTO `zp_browse` VALUES ('2', '1136', '2855', '2019-10-18 11:27:11');
INSERT INTO `zp_browse` VALUES ('3', '360', '32', '2019-10-18 14:14:18');
INSERT INTO `zp_browse` VALUES ('4', '2855', '1070', '2019-10-18 14:19:22');
INSERT INTO `zp_browse` VALUES ('5', '2855', '1070', '2019-10-18 14:19:28');
INSERT INTO `zp_browse` VALUES ('6', '2936', '1136', '2019-10-18 14:20:53');
INSERT INTO `zp_browse` VALUES ('7', '2855', '32', '2019-10-18 14:25:01');
INSERT INTO `zp_browse` VALUES ('8', '2855', '1069', '2019-10-18 14:27:18');
INSERT INTO `zp_browse` VALUES ('9', '2855', '1069', '2019-10-18 14:30:02');
INSERT INTO `zp_browse` VALUES ('10', '3217', '1070', '2019-10-18 14:30:19');
INSERT INTO `zp_browse` VALUES ('11', '2855', '1069', '2019-10-18 15:41:14');

-- ----------------------------
-- Table structure for `zp_business`
-- ----------------------------
DROP TABLE IF EXISTS `zp_business`;
CREATE TABLE `zp_business` (
  `id` bigint(255) NOT NULL AUTO_INCREMENT,
  `name` varchar(255) NOT NULL,
  `contact_name` varchar(255) NOT NULL,
  `contact_phone` varchar(255) NOT NULL,
  `industry` varchar(255) NOT NULL,
  `location` varchar(255) DEFAULT NULL,
  `scale` varchar(255) NOT NULL,
  `established_time` varchar(255) NOT NULL,
  `registered_capital` varchar(255) NOT NULL,
  `description` varchar(255) NOT NULL,
  `business_license` varchar(255) NOT NULL,
  `status` varchar(255) NOT NULL,
  `province` varchar(255) DEFAULT NULL,
  `city` varchar(255) DEFAULT NULL,
  PRIMARY KEY (`id`),
  KEY `province_id` (`province`),
  KEY `city_id` (`city`)
) ENGINE=InnoDB AUTO_INCREMENT=2942 DEFAULT CHARSET=utf8;

-- ----------------------------
-- Records of zp_business
-- ----------------------------
INSERT INTO `zp_business` VALUES ('2355', '可乐金融公司', '张开', '0909-7896789', '金融', '文昌路', '100-200', '2014-04-19', '10万', '可乐金融公司是一家集生物产品等委托生产、推广于一体的现代化股份制集团公司。公司以客户需求为经营导向，以人类大众健康为己任，提倡健康的生活方式。', 'https://timgsa.baidu.com/timg?image&quality=80&size=b9999_10000&sec=1577270460404&di=22afcdf32649055dff3e5d570fdb40d9&imgtype=0&src=http%3A%2F%2F5b0988e595225.cdn.sohucs.com%2Fimages%2F20190129%2Fa05e6d1a31734b54a3e139795ca06a4e.jpeg', '待审核', '广西', '柳州');
INSERT INTO `zp_business` VALUES ('2902', '明峰集团', '李依依', '0909-7896789', '科技', '学院路', '400-600', '2013-11-11', '100万', '明峰是一家集生物产品等委托生产、推广于一体的现代化股份制集团公司。公司以客户需求为经营导向，以人类大众健康为己任，提倡健康的生活方式。', 'https://timgsa.baidu.com/timg?image&quality=80&size=b9999_10000&sec=1577270460404&di=22afcdf32649055dff3e5d570fdb40d9&imgtype=0&src=http%3A%2F%2F5b0988e595225.cdn.sohucs.com%2Fimages%2F20190129%2Fa05e6d1a31734b54a3e139795ca06a4e.jpeg', '待审核', '江苏', '苏州');
INSERT INTO `zp_business` VALUES ('2903', '合伙人', '包青天', '0808-7878787', '软件', '工业园区', '20-100', '2012-10-04', '100万', '合伙人是一家集生物产品等委托生产、推广于一体的现代化股份制集团公司。公司以客户需求为经营导向，以人类大众健康为己任，提倡健康的生活方式。', 'https://timgsa.baidu.com/timg?image&quality=80&size=b9999_10000&sec=1577270460404&di=22afcdf32649055dff3e5d570fdb40d9&imgtype=0&src=http%3A%2F%2F5b0988e595225.cdn.sohucs.com%2Fimages%2F20190129%2Fa05e6d1a31734b54a3e139795ca06a4e.jpeg', '待审核', '江苏', '昆山');
INSERT INTO `zp_business` VALUES ('2904', 'Slow', '王玉', '6787-7878756', '金融', '龙潭公园', '200-400', '2017-12-09', '20万', 'Slow是一家集生物产品等委托生产、推广于一体的现代化股份制集团公司。公司以客户需求为经营导向，以人类大众健康为己任，提倡健康的生活方式。', 'https://timgsa.baidu.com/timg?image&quality=80&size=b9999_10000&sec=1577270460404&di=22afcdf32649055dff3e5d570fdb40d9&imgtype=0&src=http%3A%2F%2F5b0988e595225.cdn.sohucs.com%2Fimages%2F20190129%2Fa05e6d1a31734b54a3e139795ca06a4e.jpeg', '待审核', '山西', '运城');
INSERT INTO `zp_business` VALUES ('2905', '风后奇门', '王也', '0359-4567654', '软件', '尖草坪区', '400-600', '2016-09-24', '100万', '风后奇门是一家集生物产品等委托生产、推广于一体的现代化股份制集团公司。公司以客户需求为经营导向，以人类大众健康为己任，提倡健康的生活方式。', 'https://timgsa.baidu.com/timg?image&quality=80&size=b9999_10000&sec=1577270460404&di=22afcdf32649055dff3e5d570fdb40d9&imgtype=0&src=http%3A%2F%2F5b0988e595225.cdn.sohucs.com%2Fimages%2F20190129%2Fa05e6d1a31734b54a3e139795ca06a4e.jpeg', '待审核', '山西', '太原');
INSERT INTO `zp_business` VALUES ('2906', '木叶', '覃革', 'q6787-7878756', '渔业', '清华路', '200-400', '2014-04-19', '100万', '木叶是一家集生物产品等委托生产、推广于一体的现代化股份制集团公司。公司以客户需求为经营导向，以人类大众健康为己任，提倡健康的生活方式。', 'https://timgsa.baidu.com/timg?image&quality=80&size=b9999_10000&sec=1577270460404&di=22afcdf32649055dff3e5d570fdb40d9&imgtype=0&src=http%3A%2F%2F5b0988e595225.cdn.sohucs.com%2Fimages%2F20190129%2Fa05e6d1a31734b54a3e139795ca06a4e.jpeg', '待审核', '广西', '南宁');
INSERT INTO `zp_business` VALUES ('2907', '元素', '赵倩', '6787-7878756', '科技', '武汉路', '200-400', '2014-04-19', '100万', '该公司是一家集生物产品等委托生产、推广于一体的现代化股份制集团公司。公司以客户需求为经营导向，以人类大众健康为己任，提倡健康的生活方式。', 'https://timgsa.baidu.com/timg?image&quality=80&size=b9999_10000&sec=1577270460404&di=22afcdf32649055dff3e5d570fdb40d9&imgtype=0&src=http%3A%2F%2F5b0988e595225.cdn.sohucs.com%2Fimages%2F20190129%2Fa05e6d1a31734b54a3e139795ca06a4e.jpeg', '待审核', '广西', '来宾');
INSERT INTO `zp_business` VALUES ('2908', '腾宇', '卞国林', '6787-7878756', '科技', '飞尚路', '200-400', '2014-04-19', '100万', '该公司是一家集生物产品等委托生产、推广于一体的现代化股份制集团公司。公司以客户需求为经营导向，以人类大众健康为己任，提倡健康的生活方式。', 'https://timgsa.baidu.com/timg?image&quality=80&size=b9999_10000&sec=1577270460404&di=22afcdf32649055dff3e5d570fdb40d9&imgtype=0&src=http%3A%2F%2F5b0988e595225.cdn.sohucs.com%2Fimages%2F20190129%2Fa05e6d1a31734b54a3e139795ca06a4e.jpeg', '待审核', '广西', '柳州');
INSERT INTO `zp_business` VALUES ('2909', '欧迪芬', '梁小帅', '6787-7878756', '科技', '雷池路', '200-400', '2014-04-19', '100万', '该公司是一家集生物产品等委托生产、推广于一体的现代化股份制集团公司。公司以客户需求为经营导向，以人类大众健康为己任，提倡健康的生活方式。', 'https://timgsa.baidu.com/timg?image&quality=80&size=b9999_10000&sec=1577270460404&di=22afcdf32649055dff3e5d570fdb40d9&imgtype=0&src=http%3A%2F%2F5b0988e595225.cdn.sohucs.com%2Fimages%2F20190129%2Fa05e6d1a31734b54a3e139795ca06a4e.jpeg', '待审核', '广西', '桂林');
INSERT INTO `zp_business` VALUES ('2910', '兰屿', '任青', '6787-7878756', '科技', '文昌路', '100-200', '2014-04-19', '100万', '该公司是一家集生物产品等委托生产、推广于一体的现代化股份制集团公司。公司以客户需求为经营导向，以人类大众健康为己任，提倡健康的生活方式。', 'https://timgsa.baidu.com/timg?image&quality=80&size=b9999_10000&sec=1577270460404&di=22afcdf32649055dff3e5d570fdb40d9&imgtype=0&src=http%3A%2F%2F5b0988e595225.cdn.sohucs.com%2Fimages%2F20190129%2Fa05e6d1a31734b54a3e139795ca06a4e.jpeg', '待审核', '广西', '柳州');
INSERT INTO `zp_business` VALUES ('2911', '飞轮海', '陈晔', '6787-7878756', '科技', '上风路', '200-400', '2014-04-19', '100万', '该公司是一家集生物产品等委托生产、推广于一体的现代化股份制集团公司。公司以客户需求为经营导向，以人类大众健康为己任，提倡健康的生活方式。', 'https://timgsa.baidu.com/timg?image&quality=80&size=b9999_10000&sec=1577270460404&di=22afcdf32649055dff3e5d570fdb40d9&imgtype=0&src=http%3A%2F%2F5b0988e595225.cdn.sohucs.com%2Fimages%2F20190129%2Fa05e6d1a31734b54a3e139795ca06a4e.jpeg', '待审核', '广西', '玉林');
INSERT INTO `zp_business` VALUES ('2912', 'SDE', '刘德华', '6787-7878756', '科技', '城中路', '200-400', '2014-04-19', '100万', '该公司是一家集生物产品等委托生产、推广于一体的现代化股份制集团公司。公司以客户需求为经营导向，以人类大众健康为己任，提倡健康的生活方式。', 'https://timgsa.baidu.com/timg?image&quality=80&size=b9999_10000&sec=1577270460404&di=22afcdf32649055dff3e5d570fdb40d9&imgtype=0&src=http%3A%2F%2F5b0988e595225.cdn.sohucs.com%2Fimages%2F20190129%2Fa05e6d1a31734b54a3e139795ca06a4e.jpeg', '待审核', '湖南', '长沙');
INSERT INTO `zp_business` VALUES ('2913', '跃迁集团', '吴后就', '6787-7878756', '科技', '喀什路', '200-400', '2014-04-19', '100万', '该公司是一家集生物产品等委托生产、推广于一体的现代化股份制集团公司。公司以客户需求为经营导向，以人类大众健康为己任，提倡健康的生活方式。', 'https://timgsa.baidu.com/timg?image&quality=80&size=b9999_10000&sec=1577270460404&di=22afcdf32649055dff3e5d570fdb40d9&imgtype=0&src=http%3A%2F%2F5b0988e595225.cdn.sohucs.com%2Fimages%2F20190129%2Fa05e6d1a31734b54a3e139795ca06a4e.jpeg', '待审核', '湖北', '武汉');
INSERT INTO `zp_business` VALUES ('2914', '灵感', '李白', '6787-7878756', '软件', '文时路', '200-400', '2014-04-19', '100万', '该公司是一家集生物产品等委托生产、推广于一体的现代化股份制集团公司。公司以客户需求为经营导向，以人类大众健康为己任，提倡健康的生活方式。', 'https://timgsa.baidu.com/timg?image&quality=80&size=b9999_10000&sec=1577270460404&di=22afcdf32649055dff3e5d570fdb40d9&imgtype=0&src=http%3A%2F%2F5b0988e595225.cdn.sohucs.com%2Fimages%2F20190129%2Fa05e6d1a31734b54a3e139795ca06a4e.jpeg', '待审核', '河北', '石家庄');
INSERT INTO `zp_business` VALUES ('2915', '晨光', '张伟之', '6787-7878756', '软件', '玉峰区', '200-400', '2014-04-19', '100万', '该公司是一家集生物产品等委托生产、推广于一体的现代化股份制集团公司。公司以客户需求为经营导向，以人类大众健康为己任，提倡健康的生活方式。', 'https://timgsa.baidu.com/timg?image&quality=80&size=b9999_10000&sec=1577270460404&di=22afcdf32649055dff3e5d570fdb40d9&imgtype=0&src=http%3A%2F%2F5b0988e595225.cdn.sohucs.com%2Fimages%2F20190129%2Fa05e6d1a31734b54a3e139795ca06a4e.jpeg', '待审核', '宁夏', '宁夏');
INSERT INTO `zp_business` VALUES ('2916', '风吟', '李余世', '6787-7878756', '软件', '萨迦路', '200-400', '2014-04-19', '100万', '该公司是一家集生物产品等委托生产、推广于一体的现代化股份制集团公司。公司以客户需求为经营导向，以人类大众健康为己任，提倡健康的生活方式。', 'https://timgsa.baidu.com/timg?image&quality=80&size=b9999_10000&sec=1577270460404&di=22afcdf32649055dff3e5d570fdb40d9&imgtype=0&src=http%3A%2F%2F5b0988e595225.cdn.sohucs.com%2Fimages%2F20190129%2Fa05e6d1a31734b54a3e139795ca06a4e.jpeg', '待审核', '云南', '昆明');
INSERT INTO `zp_business` VALUES ('2917', '景山', '赵候苏', '6787-7878756', '软件', '上礼园区', '200-400', '2014-04-19', '100万', '该公司是一家集生物产品等委托生产、推广于一体的现代化股份制集团公司。公司以客户需求为经营导向，以人类大众健康为己任，提倡健康的生活方式。', 'https://timgsa.baidu.com/timg?image&quality=80&size=b9999_10000&sec=1577270460404&di=22afcdf32649055dff3e5d570fdb40d9&imgtype=0&src=http%3A%2F%2F5b0988e595225.cdn.sohucs.com%2Fimages%2F20190129%2Fa05e6d1a31734b54a3e139795ca06a4e.jpeg', '待审核', '广西', '柳州');

-- ----------------------------
-- Table structure for `zp_city`
-- ----------------------------
DROP TABLE IF EXISTS `zp_city`;
CREATE TABLE `zp_city` (
  `id` bigint(11) NOT NULL AUTO_INCREMENT,
  `name` varchar(255) NOT NULL,
  `province_id` bigint(11) NOT NULL,
  PRIMARY KEY (`id`),
  KEY `province_id` (`province_id`),
  CONSTRAINT `zp_city_ibfk_1` FOREIGN KEY (`province_id`) REFERENCES `zp_province` (`id`)
) ENGINE=InnoDB AUTO_INCREMENT=660 DEFAULT CHARSET=utf8;

-- ----------------------------
-- Records of zp_city
-- ----------------------------
INSERT INTO `zp_city` VALUES ('628', '南昌', '18');
INSERT INTO `zp_city` VALUES ('651', '运城', '17');
INSERT INTO `zp_city` VALUES ('653', '柳州', '13');
INSERT INTO `zp_city` VALUES ('655', '苏州', '8');
INSERT INTO `zp_city` VALUES ('657', '昆山', '8');
INSERT INTO `zp_city` VALUES ('659', '深圳', '20');

-- ----------------------------
-- Table structure for `zp_collect`
-- ----------------------------
DROP TABLE IF EXISTS `zp_collect`;
CREATE TABLE `zp_collect` (
  `id` bigint(20) NOT NULL AUTO_INCREMENT,
  `jobhunter_id` bigint(20) NOT NULL,
  `employment_id` bigint(20) NOT NULL,
  `collect_time` timestamp NOT NULL DEFAULT CURRENT_TIMESTAMP ON UPDATE CURRENT_TIMESTAMP,
  PRIMARY KEY (`id`)
) ENGINE=InnoDB DEFAULT CHARSET=utf8;

-- ----------------------------
-- Records of zp_collect
-- ----------------------------

-- ----------------------------
-- Table structure for `zp_customer_service`
-- ----------------------------
DROP TABLE IF EXISTS `zp_customer_service`;
CREATE TABLE `zp_customer_service` (
  `id` bigint(20) NOT NULL AUTO_INCREMENT,
  `username` varchar(255) NOT NULL,
  `realname` varchar(255) NOT NULL,
  `gender` varchar(255) NOT NULL,
  `status` varchar(255) NOT NULL,
  PRIMARY KEY (`id`),
  KEY `ID` (`id`)
) ENGINE=InnoDB AUTO_INCREMENT=39 DEFAULT CHARSET=utf8;

-- ----------------------------
-- Records of zp_customer_service
-- ----------------------------
INSERT INTO `zp_customer_service` VALUES ('30', '张益达', '李伟', '男', '在线');
INSERT INTO `zp_customer_service` VALUES ('35', '客服一', '张三', '男', '离线');
INSERT INTO `zp_customer_service` VALUES ('36', '客服二', '张小美', '女', '在线');
INSERT INTO `zp_customer_service` VALUES ('37', '客服三', '李依依', '女', '离线');
INSERT INTO `zp_customer_service` VALUES ('38', '客服四', '张黎', '男', '在线');

-- ----------------------------
-- Table structure for `zp_employment`
-- ----------------------------
DROP TABLE IF EXISTS `zp_employment`;
CREATE TABLE `zp_employment` (
  `id` bigint(255) NOT NULL AUTO_INCREMENT,
  `title` varchar(255) NOT NULL,
  `contact_name` varchar(255) NOT NULL,
  `contact_phone` varchar(255) NOT NULL,
  `job` varchar(255) DEFAULT NULL,
  `publish_time` timestamp NOT NULL DEFAULT CURRENT_TIMESTAMP ON UPDATE CURRENT_TIMESTAMP,
  `welfare` varchar(255) DEFAULT NULL,
  `salary` varchar(255) DEFAULT NULL,
  `description` varchar(2550) DEFAULT NULL,
  `status` varchar(255) DEFAULT NULL,
  `num` bigint(11) DEFAULT NULL,
  `business_id` bigint(11) DEFAULT NULL,
  `working_hours` varchar(255) DEFAULT NULL,
  `job_id` bigint(11) DEFAULT NULL,
  `city` varchar(255) DEFAULT NULL,
  `province` varchar(255) DEFAULT NULL,
  `start_time` timestamp NULL DEFAULT NULL,
  `end_time` timestamp NULL DEFAULT NULL,
  `audit_status` varchar(255) DEFAULT NULL,
  PRIMARY KEY (`id`),
  KEY `Publisher_ID` (`contact_name`),
  KEY `job_id` (`job_id`),
  KEY `city_id` (`city`),
  KEY `business_id` (`business_id`),
  CONSTRAINT `zp_employment_ibfk_1` FOREIGN KEY (`job_id`) REFERENCES `zp_jobs` (`id`),
  CONSTRAINT `zp_employment_ibfk_3` FOREIGN KEY (`business_id`) REFERENCES `zp_business` (`id`)
) ENGINE=InnoDB AUTO_INCREMENT=3386 DEFAULT CHARSET=utf8;

-- ----------------------------
-- Records of zp_employment
-- ----------------------------
INSERT INTO `zp_employment` VALUES ('360', '前端招聘', '张三', '17777777777', '程序员', '2019-12-29 16:26:40', '住房福利、生日福利、交通福利、', '5000', '招聘 客服/\n只招坐班，外包或在线客服暂不考虑。谢谢！/\n薪资待遇/\n无责任底薪3500（依个人能力而定）+全勤奖+提成综合待遇 多劳多得/\n工作满半年上五险 3500元——20000元/\n工作环境好，交通便利，紧邻地铁一号线，万达商圈。精英客服每年有一次加薪的机会。/\n目前公司进入快速发展阶段，晋升空间巨大。一经录用，待遇从优。/\n工作时间：早九到晚六。单休，无晚班。/\n淘宝客服岗位职责：/\n1、有淘宝及网络销售工作经验者优先。/\n2、具有一定的网络沟通能力，能够热情的给顾客介绍产品，解答顾客的问题，积极主动销售。具有强烈的服务意识。/\n3、能够很好的处理售后，不与顾客发生冲突，不搪塞推脱，设身处地为顾客着想，具有处理突发问题件的能力。 /', '审核完成', '30', '2902', '10', '7', '南昌', '江西', null, null, '拒绝');
INSERT INTO `zp_employment` VALUES ('2855', '明动软件招聘', '张柏芝', '16839876597', '程序员', '2019-12-29 16:26:43', '高温假、住房福利、', '5000', '招聘 客服/\n只招坐班，外包或在线客服暂不考虑。谢谢！/\n薪资待遇/\n无责任底薪3500（依个人能力而定）+全勤奖+提成综合待遇 多劳多得/\n工作满半年上五险 3500元——20000元/\n工作环境好，交通便利，紧邻地铁一号线，万达商圈。精英客服每年有一次加薪的机会。/\n目前公司进入快速发展阶段，晋升空间巨大。一经录用，待遇从优。/\n工作时间：早九到晚六。单休，无晚班。/\n淘宝客服岗位职责：/\n1、有淘宝及网络销售工作经验者优先。/\n2、具有一定的网络沟通能力，能够热情的给顾客介绍产品，解答顾客的问题，积极主动销售。具有强烈的服务意识。/\n3、能够很好的处理售后，不与顾客发生冲突，不搪塞推脱，设身处地为顾客着想，具有处理突发问题件的能力。 /', '审核完成', '20', '2902', '', null, '南宁', '广西', null, null, '');
INSERT INTO `zp_employment` VALUES ('2897', '人寿服务部招聘', '古天乐', '13321677994', '销售员', '2019-12-29 16:26:44', '晋升透明、双休', '8000', '招聘 客服/\r\n只招坐班，外包或在线客服暂不考虑。谢谢！/\r\n\r\n薪资待遇/\r\n\r\n无责任底薪3500（依个人能力而定）+全勤奖+提成综合待遇 多劳多得/\r\n\r\n工作满半年上五险 3500元——20000元/\r\n\r\n工作环境好，交通便利，紧邻地铁一号线，万达商圈。精英客服每年有一次加薪的机会。/\r\n\r\n目前公司进入快速发展阶段，晋升空间巨大。一经录用，待遇从优。/\r\n\r\n工作时间：早九到晚六。单休，无晚班。/\r\n\r\n淘宝客服岗位职责：/\r\n\r\n1、有淘宝及网络销售工作经验者优先。/\r\n\r\n2、具有一定的网络沟通能力，能够热情的给顾客介绍产品，解答顾客的问题，积极主动销售。具有强烈的服务意识。/\r\n\r\n3、能够很好的处理售后，不与顾客发生冲突，不搪塞推脱，设身处地为顾客着想，具有处理突发问题件的能力。/', '审核完成', '10', '2903', '', null, '深圳', '广东', null, null, '');
INSERT INTO `zp_employment` VALUES ('2901', '安卓工程师招聘', '甄子丹', '13265994464', '程序员', '2019-12-29 16:26:46', '五险一金、高温补贴', '8000', '\r\n招聘 客服/\r\n只招坐班，外包或在线客服暂不考虑。谢谢！/\r\n\r\n薪资待遇/\r\n\r\n无责任底薪3500（依个人能力而定）+全勤奖+提成综合待遇 多劳多得/\r\n\r\n工作满半年上五险 3500元——20000元/\r\n\r\n工作环境好，交通便利，紧邻地铁一号线，万达商圈。精英客服每年有一次加薪的机会。/\r\n\r\n目前公司进入快速发展阶段，晋升空间巨大。一经录用，待遇从优。/\r\n\r\n工作时间：早九到晚六。单休，无晚班。/\r\n\r\n淘宝客服岗位职责：/\r\n\r\n1、有淘宝及网络销售工作经验者优先。/\r\n\r\n2、具有一定的网络沟通能力，能够热情的给顾客介绍产品，解答顾客的问题，积极主动销售。具有强烈的服务意识。/\r\n\r\n3、能够很好的处理售后，不与顾客发生冲突，不搪塞推脱，设身处地为顾客着想，具有处理突发问题件的能力。/\r\n', '审核完成', '10', '2355', '1', '7', '南昌', '江西', null, null, '拒绝');
INSERT INTO `zp_employment` VALUES ('2903', '商家运营招聘', '明凯', '15978451364', '经理', '2019-10-28 00:00:00', '五险一金、高温放假', '5000', '\r\n招聘 客服/\r\n只招坐班，外包或在线客服暂不考虑。谢谢！/\r\n\r\n薪资待遇/\r\n\r\n无责任底薪3500（依个人能力而定）+全勤奖+提成综合待遇 多劳多得/\r\n\r\n工作满半年上五险 3500元——20000元/\r\n\r\n工作环境好，交通便利，紧邻地铁一号线，万达商圈。精英客服每年有一次加薪的机会。/\r\n\r\n目前公司进入快速发展阶段，晋升空间巨大。一经录用，待遇从优。/\r\n\r\n工作时间：早九到晚六。单休，无晚班。/\r\n\r\n淘宝客服岗位职责：/\r\n\r\n1、有淘宝及网络销售工作经验者优先。/\r\n\r\n2、具有一定的网络沟通能力，能够热情的给顾客介绍产品，解答顾客的问题，积极主动销售。具有强烈的服务意识。/\r\n\r\n3、能够很好的处理售后，不与顾客发生冲突，不搪塞推脱，设身处地为顾客着想，具有处理突发问题件的能力。/\r\n', '审核未通过', '1', '2904', null, null, '广州', '广东', null, null, null);
INSERT INTO `zp_employment` VALUES ('2936', '产品经理招聘', '李伟', '18977526451', '经理', '2019-11-05 00:00:00', '带薪休假、健康体检', '8000', '\r\n招聘 客服/\r\n只招坐班，外包或在线客服暂不考虑。谢谢！/\r\n\r\n薪资待遇/\r\n\r\n无责任底薪3500（依个人能力而定）+全勤奖+提成综合待遇 多劳多得/\r\n\r\n工作满半年上五险 3500元——20000元/\r\n\r\n工作环境好，交通便利，紧邻地铁一号线，万达商圈。精英客服每年有一次加薪的机会。/\r\n\r\n目前公司进入快速发展阶段，晋升空间巨大。一经录用，待遇从优。/\r\n\r\n工作时间：早九到晚六。单休，无晚班。/\r\n\r\n淘宝客服岗位职责：/\r\n\r\n1、有淘宝及网络销售工作经验者优先。/\r\n\r\n2、具有一定的网络沟通能力，能够热情的给顾客介绍产品，解答顾客的问题，积极主动销售。具有强烈的服务意识。/\r\n\r\n3、能够很好的处理售后，不与顾客发生冲突，不搪塞推脱，设身处地为顾客着想，具有处理突发问题件的能力。/\r\n', '招聘中', '5', '2902', null, null, '上海', '上海', null, null, null);
INSERT INTO `zp_employment` VALUES ('2970', '金融助手招聘', '黄晓田', '17896263945', '助理', '2019-12-29 15:58:11', '五险一金、年终分红、带薪年假', '8000', '招聘 客服/\r\n只招坐班，外包或在线客服暂不考虑。谢谢！/\r\n\r\n薪资待遇/\r\n\r\n无责任底薪3500（依个人能力而定）+全勤奖+提成综合待遇 多劳多得/\r\n\r\n工作满半年上五险 3500元——20000元/\r\n\r\n工作环境好，交通便利，紧邻地铁一号线，万达商圈。精英客服每年有一次加薪的机会。/\r\n\r\n目前公司进入快速发展阶段，晋升空间巨大。一经录用，待遇从优。/\r\n\r\n工作时间：早九到晚六。单休，无晚班。/\r\n\r\n淘宝客服岗位职责：/\r\n\r\n1、有淘宝及网络销售工作经验者优先。/\r\n\r\n2、具有一定的网络沟通能力，能够热情的给顾客介绍产品，解答顾客的问题，积极主动销售。具有强烈的服务意识。/\r\n\r\n3、能够很好的处理售后，不与顾客发生冲突，不搪塞推脱，设身处地为顾客着想，具有处理突发问题件的能力。/', '拒绝', '1', '2903', '3小时', null, '北京', '北京', null, null, '审核通过');
INSERT INTO `zp_employment` VALUES ('2973', '后期剪辑招聘', '林天社', '18752659956', '后期人员', '2019-11-27 00:00:00', '过节费、旅游奖励', '8000', '\r\n招聘 客服/\r\n只招坐班，外包或在线客服暂不考虑。谢谢！/\r\n\r\n薪资待遇/\r\n\r\n无责任底薪3500（依个人能力而定）+全勤奖+提成综合待遇 多劳多得/\r\n\r\n工作满半年上五险 3500元——20000元/\r\n\r\n工作环境好，交通便利，紧邻地铁一号线，万达商圈。精英客服每年有一次加薪的机会。/\r\n\r\n目前公司进入快速发展阶段，晋升空间巨大。一经录用，待遇从优。/\r\n\r\n工作时间：早九到晚六。单休，无晚班。/\r\n\r\n淘宝客服岗位职责：/\r\n\r\n1、有淘宝及网络销售工作经验者优先。/\r\n\r\n2、具有一定的网络沟通能力，能够热情的给顾客介绍产品，解答顾客的问题，积极主动销售。具有强烈的服务意识。/\r\n\r\n3、能够很好的处理售后，不与顾客发生冲突，不搪塞推脱，设身处地为顾客着想，具有处理突发问题件的能力。/\r\n', '审核通过', '10', '2355', '', null, '南宁', '广西', null, null, '拒绝');
INSERT INTO `zp_employment` VALUES ('2980', '数据挖掘专家招聘', '蒙肖', '18755649852', '程序员', '2019-11-25 00:00:00', '五险一金、通讯补贴、年底双薪', '15000', '\r\n招聘 客服/\r\n只招坐班，外包或在线客服暂不考虑。谢谢！/\r\n\r\n薪资待遇/\r\n\r\n无责任底薪3500（依个人能力而定）+全勤奖+提成综合待遇 多劳多得/\r\n\r\n工作满半年上五险 3500元——20000元/\r\n\r\n工作环境好，交通便利，紧邻地铁一号线，万达商圈。精英客服每年有一次加薪的机会。/\r\n\r\n目前公司进入快速发展阶段，晋升空间巨大。一经录用，待遇从优。/\r\n\r\n工作时间：早九到晚六。单休，无晚班。/\r\n\r\n淘宝客服岗位职责：/\r\n\r\n1、有淘宝及网络销售工作经验者优先。/\r\n\r\n2、具有一定的网络沟通能力，能够热情的给顾客介绍产品，解答顾客的问题，积极主动销售。具有强烈的服务意识。/\r\n\r\n3、能够很好的处理售后，不与顾客发生冲突，不搪塞推脱，设身处地为顾客着想，具有处理突发问题件的能力。/\r\n', '审核未通过', '3', '2904', '1', '7', '南昌', '江西', null, null, '拒绝');
INSERT INTO `zp_employment` VALUES ('3072', '招商经理招聘', '林华', '13549854611', '经理', '2019-12-29 08:43:45', '五险一金、通讯补贴、生日福利、交通福利、健康体检、年终分红、', '7000', '招聘 客服/\r\n只招坐班，外包或在线客服暂不考虑。谢谢！/\r\n\r\n薪资待遇/\r\n\r\n无责任底薪3500（依个人能力而定）+全勤奖+提成综合待遇 多劳多得/\r\n\r\n工作满半年上五险 3500元——20000元/\r\n\r\n工作环境好，交通便利，紧邻地铁一号线，万达商圈。精英客服每年有一次加薪的机会。/\r\n\r\n目前公司进入快速发展阶段，晋升空间巨大。一经录用，待遇从优。/\r\n\r\n工作时间：早九到晚六。单休，无晚班。/\r\n\r\n淘宝客服岗位职责：/\r\n\r\n1、有淘宝及网络销售工作经验者优先。/\r\n\r\n2、具有一定的网络沟通能力，能够热情的给顾客介绍产品，解答顾客的问题，积极主动销售。具有强烈的服务意识。/\r\n\r\n3、能够很好的处理售后，不与顾客发生冲突，不搪塞推脱，设身处地为顾客着想，具有处理突发问题件的能力。/', '审核通过', '10', '2903', '', null, '广州', '广东', null, null, '审核通过');
INSERT INTO `zp_employment` VALUES ('3113', '物理项目管理', '周驰飞', '15978515315', '管理人员', '2019-12-25 00:00:00', '年度旅游、五险一金、通讯补贴', '8000', '\r\n招聘 客服/\r\n只招坐班，外包或在线客服暂不考虑。谢谢！/\r\n\r\n薪资待遇/\r\n\r\n无责任底薪3500（依个人能力而定）+全勤奖+提成综合待遇 多劳多得/\r\n\r\n工作满半年上五险 3500元——20000元/\r\n\r\n工作环境好，交通便利，紧邻地铁一号线，万达商圈。精英客服每年有一次加薪的机会。/\r\n\r\n目前公司进入快速发展阶段，晋升空间巨大。一经录用，待遇从优。/\r\n\r\n工作时间：早九到晚六。单休，无晚班。/\r\n\r\n淘宝客服岗位职责：/\r\n\r\n1、有淘宝及网络销售工作经验者优先。/\r\n\r\n2、具有一定的网络沟通能力，能够热情的给顾客介绍产品，解答顾客的问题，积极主动销售。具有强烈的服务意识。/\r\n\r\n3、能够很好的处理售后，不与顾客发生冲突，不搪塞推脱，设身处地为顾客着想，具有处理突发问题件的能力。/\r\n', '招聘完成', '30', '2902', '312', null, '广州', '广东', null, null, '审核通过');
INSERT INTO `zp_employment` VALUES ('3154', '销售经理招聘', '李飞飞', '18796563245', '经理', '2019-12-29 16:25:07', '五险一金、通讯补贴、住房福利、生日福利、交通福利、', '5000', '招聘 客服/\r\n只招坐班，外包或在线客服暂不考虑。谢谢！/\r\n\r\n薪资待遇/\r\n\r\n无责任底薪3500（依个人能力而定）+全勤奖+提成综合待遇 多劳多得/\r\n\r\n工作满半年上五险 3500元——20000元/\r\n\r\n工作环境好，交通便利，紧邻地铁一号线，万达商圈。精英客服每年有一次加薪的机会。/\r\n\r\n目前公司进入快速发展阶段，晋升空间巨大。一经录用，待遇从优。/\r\n\r\n工作时间：早九到晚六。单休，无晚班。/\r\n\r\n淘宝客服岗位职责：/\r\n\r\n1、有淘宝及网络销售工作经验者优先。/\r\n\r\n2、具有一定的网络沟通能力，能够热情的给顾客介绍产品，解答顾客的问题，积极主动销售。具有强烈的服务意识。/\r\n\r\n3、能够很好的处理售后，不与顾客发生冲突，不搪塞推脱，设身处地为顾客着想，具有处理突发问题件的能力。/', '待审核', '10', '2904', '', null, '柳州', '广西', null, null, '审核通过');
INSERT INTO `zp_employment` VALUES ('3155', 'Java开发工程师招聘', '刘市域', '17895264232', '程序员', '2019-12-29 16:26:06', '医疗保险、定期体检、免费班车', '15000', '\r\n招聘 客服/\r\n只招坐班，外包或在线客服暂不考虑。谢谢！/\r\n\r\n薪资待遇/\r\n\r\n无责任底薪3500（依个人能力而定）+全勤奖+提成综合待遇 多劳多得/\r\n\r\n工作满半年上五险 3500元——20000元/\r\n\r\n工作环境好，交通便利，紧邻地铁一号线，万达商圈。精英客服每年有一次加薪的机会。/\r\n\r\n目前公司进入快速发展阶段，晋升空间巨大。一经录用，待遇从优。/\r\n\r\n工作时间：早九到晚六。单休，无晚班。/\r\n\r\n淘宝客服岗位职责：/\r\n\r\n1、有淘宝及网络销售工作经验者优先。/\r\n\r\n2、具有一定的网络沟通能力，能够热情的给顾客介绍产品，解答顾客的问题，积极主动销售。具有强烈的服务意识。/\r\n\r\n3、能够很好的处理售后，不与顾客发生冲突，不搪塞推脱，设身处地为顾客着想，具有处理突发问题件的能力。/\r\n', '待审核', '2', '2355', '3小时', '7', '上海', '上海', null, null, '审核通过');
INSERT INTO `zp_employment` VALUES ('3166', '前端开发工程师招聘', '李宏凯', '13213213456', '程序员', '2019-12-29 16:26:54', '采暖补、贴弹性工作、医疗保险', '8000', '\r\n招聘 客服/\r\n只招坐班，外包或在线客服暂不考虑。谢谢！/\r\n\r\n薪资待遇/\r\n\r\n无责任底薪3500（依个人能力而定）+全勤奖+提成综合待遇 多劳多得/\r\n\r\n工作满半年上五险 3500元——20000元/\r\n\r\n工作环境好，交通便利，紧邻地铁一号线，万达商圈。精英客服每年有一次加薪的机会。/\r\n\r\n目前公司进入快速发展阶段，晋升空间巨大。一经录用，待遇从优。/\r\n\r\n工作时间：早九到晚六。单休，无晚班。/\r\n\r\n淘宝客服岗位职责：/\r\n\r\n1、有淘宝及网络销售工作经验者优先。/\r\n\r\n2、具有一定的网络沟通能力，能够热情的给顾客介绍产品，解答顾客的问题，积极主动销售。具有强烈的服务意识。/\r\n\r\n3、能够很好的处理售后，不与顾客发生冲突，不搪塞推脱，设身处地为顾客着想，具有处理突发问题件的能力。/\r\n', '审核完成', '20', '2902', '20', null, '北京', '北京', null, null, '审核通过');
INSERT INTO `zp_employment` VALUES ('3167', '运营专员招聘', '李圣心', '13213213458', '管理人员', '2019-12-29 16:26:55', '五险一金、年底双薪、年终分红、加班补助', '5000', '\r\n招聘 客服/\r\n只招坐班，外包或在线客服暂不考虑。谢谢！/\r\n\r\n薪资待遇/\r\n\r\n无责任底薪3500（依个人能力而定）+全勤奖+提成综合待遇 多劳多得/\r\n\r\n工作满半年上五险 3500元——20000元/\r\n\r\n工作环境好，交通便利，紧邻地铁一号线，万达商圈。精英客服每年有一次加薪的机会。/\r\n\r\n目前公司进入快速发展阶段，晋升空间巨大。一经录用，待遇从优。/\r\n\r\n工作时间：早九到晚六。单休，无晚班。/\r\n\r\n淘宝客服岗位职责：/\r\n\r\n1、有淘宝及网络销售工作经验者优先。/\r\n\r\n2、具有一定的网络沟通能力，能够热情的给顾客介绍产品，解答顾客的问题，积极主动销售。具有强烈的服务意识。/\r\n\r\n3、能够很好的处理售后，不与顾客发生冲突，不搪塞推脱，设身处地为顾客着想，具有处理突发问题件的能力。/\r\n', '审核完成', '20', '2904', '20', null, '南宁', '广西', null, null, '审核通过');
INSERT INTO `zp_employment` VALUES ('3184', '运营策划经理招聘', '黄俊天', '15798265325', '经理', '2019-10-20 00:00:00', '五险一金、年度旅游、年终分红加班补助、带薪年假、全勤奖、美女如云', '8000', '\r\n招聘 客服/\r\n只招坐班，外包或在线客服暂不考虑。谢谢！/\r\n\r\n薪资待遇/\r\n\r\n无责任底薪3500（依个人能力而定）+全勤奖+提成综合待遇 多劳多得/\r\n\r\n工作满半年上五险 3500元——20000元/\r\n\r\n工作环境好，交通便利，紧邻地铁一号线，万达商圈。精英客服每年有一次加薪的机会。/\r\n\r\n目前公司进入快速发展阶段，晋升空间巨大。一经录用，待遇从优。/\r\n\r\n工作时间：早九到晚六。单休，无晚班。/\r\n\r\n淘宝客服岗位职责：/\r\n\r\n1、有淘宝及网络销售工作经验者优先。/\r\n\r\n2、具有一定的网络沟通能力，能够热情的给顾客介绍产品，解答顾客的问题，积极主动销售。具有强烈的服务意识。/\r\n\r\n3、能够很好的处理售后，不与顾客发生冲突，不搪塞推脱，设身处地为顾客着想，具有处理突发问题件的能力。/\r\n', '审核通过', '20', '2902', '8', null, '柳州', '广西', null, null, '审核通过');
INSERT INTO `zp_employment` VALUES ('3189', '客户经理招聘', '雷鑫', '17895562355', '经理', '2019-11-24 00:00:00', '股票期权、交通补贴、高温补贴', '8000', '\r\n招聘 客服/\r\n只招坐班，外包或在线客服暂不考虑。谢谢！/\r\n\r\n薪资待遇/\r\n\r\n无责任底薪3500（依个人能力而定）+全勤奖+提成综合待遇 多劳多得/\r\n\r\n工作满半年上五险 3500元——20000元/\r\n\r\n工作环境好，交通便利，紧邻地铁一号线，万达商圈。精英客服每年有一次加薪的机会。/\r\n\r\n目前公司进入快速发展阶段，晋升空间巨大。一经录用，待遇从优。/\r\n\r\n工作时间：早九到晚六。单休，无晚班。/\r\n\r\n淘宝客服岗位职责：/\r\n\r\n1、有淘宝及网络销售工作经验者优先。/\r\n\r\n2、具有一定的网络沟通能力，能够热情的给顾客介绍产品，解答顾客的问题，积极主动销售。具有强烈的服务意识。/\r\n\r\n3、能够很好的处理售后，不与顾客发生冲突，不搪塞推脱，设身处地为顾客着想，具有处理突发问题件的能力。/\r\n', '审核通过', '1', '2902', '24h', null, '成都', '四川', null, null, '审核通过');
INSERT INTO `zp_employment` VALUES ('3194', '顾问销售招聘', '梁科基', '15589303039', '销售员', '2019-12-29 16:01:37', '五险一金、带薪年假、晋升快', '15000', '招聘 客服/\r\n只招坐班，外包或在线客服暂不考虑。谢谢！/\r\n\r\n薪资待遇/\r\n\r\n无责任底薪3500（依个人能力而定）+全勤奖+提成综合待遇 多劳多得/\r\n\r\n工作满半年上五险 3500元——20000元/\r\n\r\n工作环境好，交通便利，紧邻地铁一号线，万达商圈。精英客服每年有一次加薪的机会。/\r\n\r\n目前公司进入快速发展阶段，晋升空间巨大。一经录用，待遇从优。/\r\n\r\n工作时间：早九到晚六。单休，无晚班。/\r\n\r\n淘宝客服岗位职责：/\r\n\r\n1、有淘宝及网络销售工作经验者优先。/\r\n\r\n2、具有一定的网络沟通能力，能够热情的给顾客介绍产品，解答顾客的问题，积极主动销售。具有强烈的服务意识。/\r\n\r\n3、能够很好的处理售后，不与顾客发生冲突，不搪塞推脱，设身处地为顾客着想，具有处理突发问题件的能力。/', '拒绝', '10', '2355', '4', null, '厦门', '福建', null, null, '审核通过');
INSERT INTO `zp_employment` VALUES ('3198', '摄像后期招聘', '高盛', '18765123165', '后期人员', '2019-11-22 00:00:00', '五险一金、加班补助', '5000', '\r\n招聘 客服/\r\n只招坐班，外包或在线客服暂不考虑。谢谢！/\r\n\r\n薪资待遇/\r\n\r\n无责任底薪3500（依个人能力而定）+全勤奖+提成综合待遇 多劳多得/\r\n\r\n工作满半年上五险 3500元——20000元/\r\n\r\n工作环境好，交通便利，紧邻地铁一号线，万达商圈。精英客服每年有一次加薪的机会。/\r\n\r\n目前公司进入快速发展阶段，晋升空间巨大。一经录用，待遇从优。/\r\n\r\n工作时间：早九到晚六。单休，无晚班。/\r\n\r\n淘宝客服岗位职责：/\r\n\r\n1、有淘宝及网络销售工作经验者优先。/\r\n\r\n2、具有一定的网络沟通能力，能够热情的给顾客介绍产品，解答顾客的问题，积极主动销售。具有强烈的服务意识。/\r\n\r\n3、能够很好的处理售后，不与顾客发生冲突，不搪塞推脱，设身处地为顾客着想，具有处理突发问题件的能力。/\r\n', '审核未通过', '3', '2903', '3小时', '7', '北京', '北京', null, null, '拒绝');
INSERT INTO `zp_employment` VALUES ('3200', 'ios开发工程师招聘', '李毅', '19875232649', '程序员', '2019-10-25 00:00:00', '五险一金、包住、餐补', '8000', '\r\n招聘 客服/\r\n只招坐班，外包或在线客服暂不考虑。谢谢！/\r\n\r\n薪资待遇/\r\n\r\n无责任底薪3500（依个人能力而定）+全勤奖+提成综合待遇 多劳多得/\r\n\r\n工作满半年上五险 3500元——20000元/\r\n\r\n工作环境好，交通便利，紧邻地铁一号线，万达商圈。精英客服每年有一次加薪的机会。/\r\n\r\n目前公司进入快速发展阶段，晋升空间巨大。一经录用，待遇从优。/\r\n\r\n工作时间：早九到晚六。单休，无晚班。/\r\n\r\n淘宝客服岗位职责：/\r\n\r\n1、有淘宝及网络销售工作经验者优先。/\r\n\r\n2、具有一定的网络沟通能力，能够热情的给顾客介绍产品，解答顾客的问题，积极主动销售。具有强烈的服务意识。/\r\n\r\n3、能够很好的处理售后，不与顾客发生冲突，不搪塞推脱，设身处地为顾客着想，具有处理突发问题件的能力。/\r\n', '审核通过', '2', '2904', '3小时', '7', '深圳', '广东', null, null, '拒绝');
INSERT INTO `zp_employment` VALUES ('3208', '销售经理招聘', '黄凯魏', '18645795631', '经理', '2019-12-25 00:00:00', '员工旅游、五险一金', '15000', '\r\n招聘 客服/\r\n只招坐班，外包或在线客服暂不考虑。谢谢！/\r\n\r\n薪资待遇/\r\n\r\n无责任底薪3500（依个人能力而定）+全勤奖+提成综合待遇 多劳多得/\r\n\r\n工作满半年上五险 3500元——20000元/\r\n\r\n工作环境好，交通便利，紧邻地铁一号线，万达商圈。精英客服每年有一次加薪的机会。/\r\n\r\n目前公司进入快速发展阶段，晋升空间巨大。一经录用，待遇从优。/\r\n\r\n工作时间：早九到晚六。单休，无晚班。/\r\n\r\n淘宝客服岗位职责：/\r\n\r\n1、有淘宝及网络销售工作经验者优先。/\r\n\r\n2、具有一定的网络沟通能力，能够热情的给顾客介绍产品，解答顾客的问题，积极主动销售。具有强烈的服务意识。/\r\n\r\n3、能够很好的处理售后，不与顾客发生冲突，不搪塞推脱，设身处地为顾客着想，具有处理突发问题件的能力。/\r\n', '审核通过', '11', '2904', null, null, '广州', '广东', null, null, null);
INSERT INTO `zp_employment` VALUES ('3209', 'Python工程师招聘', '李廖晨', '16894515699', '程序员', '2019-11-15 00:00:00', '六险一金,年底双薪、出国旅行、包午晚餐', '15000', '\r\n招聘 客服/\r\n只招坐班，外包或在线客服暂不考虑。谢谢！/\r\n\r\n薪资待遇/\r\n\r\n无责任底薪3500（依个人能力而定）+全勤奖+提成综合待遇 多劳多得/\r\n\r\n工作满半年上五险 3500元——20000元/\r\n\r\n工作环境好，交通便利，紧邻地铁一号线，万达商圈。精英客服每年有一次加薪的机会。/\r\n\r\n目前公司进入快速发展阶段，晋升空间巨大。一经录用，待遇从优。/\r\n\r\n工作时间：早九到晚六。单休，无晚班。/\r\n\r\n淘宝客服岗位职责：/\r\n\r\n1、有淘宝及网络销售工作经验者优先。/\r\n\r\n2、具有一定的网络沟通能力，能够热情的给顾客介绍产品，解答顾客的问题，积极主动销售。具有强烈的服务意识。/\r\n\r\n3、能够很好的处理售后，不与顾客发生冲突，不搪塞推脱，设身处地为顾客着想，具有处理突发问题件的能力。/\r\n', '审核通过', '4', '2355', '8', null, '东莞', '广西', null, null, '审核通过');
INSERT INTO `zp_employment` VALUES ('3210', '视觉设计师招聘', '雷富田', '17896412315', '后期人员', '2019-12-29 16:26:31', '五险一金、加班补助', '8000', '\r\n招聘 客服/\r\n只招坐班，外包或在线客服暂不考虑。谢谢！/\r\n\r\n薪资待遇/\r\n\r\n无责任底薪3500（依个人能力而定）+全勤奖+提成综合待遇 多劳多得/\r\n\r\n工作满半年上五险 3500元——20000元/\r\n\r\n工作环境好，交通便利，紧邻地铁一号线，万达商圈。精英客服每年有一次加薪的机会。/\r\n\r\n目前公司进入快速发展阶段，晋升空间巨大。一经录用，待遇从优。/\r\n\r\n工作时间：早九到晚六。单休，无晚班。/\r\n\r\n淘宝客服岗位职责：/\r\n\r\n1、有淘宝及网络销售工作经验者优先。/\r\n\r\n2、具有一定的网络沟通能力，能够热情的给顾客介绍产品，解答顾客的问题，积极主动销售。具有强烈的服务意识。/\r\n\r\n3、能够很好的处理售后，不与顾客发生冲突，不搪塞推脱，设身处地为顾客着想，具有处理突发问题件的能力。/\r\n', '招聘完成', '2', '2903', '6', null, '漳州', '福建', null, null, '拒绝');
INSERT INTO `zp_employment` VALUES ('3223', '测试开发工程师招聘', '黄乡利', '18956513564', '程序员', '2019-12-29 16:27:08', '五险一金', '15000', '招聘 客服/\r\n只招坐班，外包或在线客服暂不考虑。谢谢！/\r\n\r\n薪资待遇/\r\n\r\n无责任底薪3500（依个人能力而定）+全勤奖+提成综合待遇 多劳多得/\r\n\r\n工作满半年上五险 3500元——20000元/\r\n\r\n工作环境好，交通便利，紧邻地铁一号线，万达商圈。精英客服每年有一次加薪的机会。/\r\n\r\n目前公司进入快速发展阶段，晋升空间巨大。一经录用，待遇从优。/\r\n\r\n工作时间：早九到晚六。单休，无晚班。/\r\n\r\n淘宝客服岗位职责：/\r\n\r\n1、有淘宝及网络销售工作经验者优先。/\r\n\r\n2、具有一定的网络沟通能力，能够热情的给顾客介绍产品，解答顾客的问题，积极主动销售。具有强烈的服务意识。/\r\n\r\n3、能够很好的处理售后，不与顾客发生冲突，不搪塞推脱，设身处地为顾客着想，具有处理突发问题件的能力。/', '待审核', '1', '2902', '3小时', '7', '海珠', '广东', null, null, '审核通过');
INSERT INTO `zp_employment` VALUES ('3319', '市场营销招聘', '梁军垦', '17856232465', '销售员', '2019-12-29 16:27:13', '就近分配、季度晋升、无责底薪、弹性工作', '8000', '\r\n招聘 客服/\r\n只招坐班，外包或在线客服暂不考虑。谢谢！/\r\n\r\n薪资待遇/\r\n\r\n无责任底薪3500（依个人能力而定）+全勤奖+提成综合待遇 多劳多得/\r\n\r\n工作满半年上五险 3500元——20000元/\r\n\r\n工作环境好，交通便利，紧邻地铁一号线，万达商圈。精英客服每年有一次加薪的机会。/\r\n\r\n目前公司进入快速发展阶段，晋升空间巨大。一经录用，待遇从优。/\r\n\r\n工作时间：早九到晚六。单休，无晚班。/\r\n\r\n淘宝客服岗位职责：/\r\n\r\n1、有淘宝及网络销售工作经验者优先。/\r\n\r\n2、具有一定的网络沟通能力，能够热情的给顾客介绍产品，解答顾客的问题，积极主动销售。具有强烈的服务意识。/\r\n\r\n3、能够很好的处理售后，不与顾客发生冲突，不搪塞推脱，设身处地为顾客着想，具有处理突发问题件的能力。/\r\n', '审待审核', '5', '2355', null, null, '深圳', '广东', null, null, null);
INSERT INTO `zp_employment` VALUES ('3320', '董事长助理招聘', '李伟达', '18812344321', '助理', '2019-12-29 16:27:16', '双休、五险一金', '15000', '\r\n招聘 客服/\r\n只招坐班，外包或在线客服暂不考虑。谢谢！/\r\n\r\n薪资待遇/\r\n\r\n无责任底薪3500（依个人能力而定）+全勤奖+提成综合待遇 多劳多得/\r\n\r\n工作满半年上五险 3500元——20000元/\r\n\r\n工作环境好，交通便利，紧邻地铁一号线，万达商圈。精英客服每年有一次加薪的机会。/\r\n\r\n目前公司进入快速发展阶段，晋升空间巨大。一经录用，待遇从优。/\r\n\r\n工作时间：早九到晚六。单休，无晚班。/\r\n\r\n淘宝客服岗位职责：/\r\n\r\n1、有淘宝及网络销售工作经验者优先。/\r\n\r\n2、具有一定的网络沟通能力，能够热情的给顾客介绍产品，解答顾客的问题，积极主动销售。具有强烈的服务意识。/\r\n\r\n3、能够很好的处理售后，不与顾客发生冲突，不搪塞推脱，设身处地为顾客着想，具有处理突发问题件的能力。/\r\n', '待审核', '10', '2355', null, null, '南宁', '广西', null, null, null);
INSERT INTO `zp_employment` VALUES ('3321', 'php开发工程师 ', '李毅何', '18856984321', '程序员', '2019-10-25 00:00:00', '贴弹性工作、医疗保险', '8000', '\r\n招聘 客服/\r\n只招坐班，外包或在线客服暂不考虑。谢谢！/\r\n\r\n薪资待遇/\r\n\r\n无责任底薪3500（依个人能力而定）+全勤奖+提成综合待遇 多劳多得/\r\n\r\n工作满半年上五险 3500元——20000元/\r\n\r\n工作环境好，交通便利，紧邻地铁一号线，万达商圈。精英客服每年有一次加薪的机会。/\r\n\r\n目前公司进入快速发展阶段，晋升空间巨大。一经录用，待遇从优。/\r\n\r\n工作时间：早九到晚六。单休，无晚班。/\r\n\r\n淘宝客服岗位职责：/\r\n\r\n1、有淘宝及网络销售工作经验者优先。/\r\n\r\n2、具有一定的网络沟通能力，能够热情的给顾客介绍产品，解答顾客的问题，积极主动销售。具有强烈的服务意识。/\r\n\r\n3、能够很好的处理售后，不与顾客发生冲突，不搪塞推脱，设身处地为顾客着想，具有处理突发问题件的能力。/\r\n', '招聘中', '5', '2914', null, null, '北京', '北京', null, null, null);
INSERT INTO `zp_employment` VALUES ('3323', '业务主管招聘', '赵云立', '18812344321', '经理', '2019-11-25 00:00:00', '高薪资、高提成、弹性工作', '15000', '\r\n招聘 客服/\r\n只招坐班，外包或在线客服暂不考虑。谢谢！/\r\n\r\n薪资待遇/\r\n\r\n无责任底薪3500（依个人能力而定）+全勤奖+提成综合待遇 多劳多得/\r\n\r\n工作满半年上五险 3500元——20000元/\r\n\r\n工作环境好，交通便利，紧邻地铁一号线，万达商圈。精英客服每年有一次加薪的机会。/\r\n\r\n目前公司进入快速发展阶段，晋升空间巨大。一经录用，待遇从优。/\r\n\r\n工作时间：早九到晚六。单休，无晚班。/\r\n\r\n淘宝客服岗位职责：/\r\n\r\n1、有淘宝及网络销售工作经验者优先。/\r\n\r\n2、具有一定的网络沟通能力，能够热情的给顾客介绍产品，解答顾客的问题，积极主动销售。具有强烈的服务意识。/\r\n\r\n3、能够很好的处理售后，不与顾客发生冲突，不搪塞推脱，设身处地为顾客着想，具有处理突发问题件的能力。/\r\n', '招聘完成', '6', '2912', null, null, '上海', '上海', null, null, null);
INSERT INTO `zp_employment` VALUES ('3324', '市场营销招聘', '张小魏', '15495623541', '销售员', '2019-12-25 00:00:00', '股票期权、交通补贴', '8000', '\r\n招聘 客服/\r\n只招坐班，外包或在线客服暂不考虑。谢谢！/\r\n\r\n薪资待遇/\r\n\r\n无责任底薪3500（依个人能力而定）+全勤奖+提成综合待遇 多劳多得/\r\n\r\n工作满半年上五险 3500元——20000元/\r\n\r\n工作环境好，交通便利，紧邻地铁一号线，万达商圈。精英客服每年有一次加薪的机会。/\r\n\r\n目前公司进入快速发展阶段，晋升空间巨大。一经录用，待遇从优。/\r\n\r\n工作时间：早九到晚六。单休，无晚班。/\r\n\r\n淘宝客服岗位职责：/\r\n\r\n1、有淘宝及网络销售工作经验者优先。/\r\n\r\n2、具有一定的网络沟通能力，能够热情的给顾客介绍产品，解答顾客的问题，积极主动销售。具有强烈的服务意识。/\r\n\r\n3、能够很好的处理售后，不与顾客发生冲突，不搪塞推脱，设身处地为顾客着想，具有处理突发问题件的能力。/\r\n', '招聘完成', '8', '2911', '', null, '成都', '四川', null, null, '');
INSERT INTO `zp_employment` VALUES ('3355', '云平台系统工程师招聘', '李钟荣', '13321677996', '程序员', '2019-12-20 00:00:00', '餐补福利、交通福利、带薪休假、生日福利', '8000', '\r\n招聘 客服/\r\n只招坐班，外包或在线客服暂不考虑。谢谢！/\r\n\r\n薪资待遇/\r\n\r\n无责任底薪3500（依个人能力而定）+全勤奖+提成综合待遇 多劳多得/\r\n\r\n工作满半年上五险 3500元——20000元/\r\n\r\n工作环境好，交通便利，紧邻地铁一号线，万达商圈。精英客服每年有一次加薪的机会。/\r\n\r\n目前公司进入快速发展阶段，晋升空间巨大。一经录用，待遇从优。/\r\n\r\n工作时间：早九到晚六。单休，无晚班。/\r\n\r\n淘宝客服岗位职责：/\r\n\r\n1、有淘宝及网络销售工作经验者优先。/\r\n\r\n2、具有一定的网络沟通能力，能够热情的给顾客介绍产品，解答顾客的问题，积极主动销售。具有强烈的服务意识。/\r\n\r\n3、能够很好的处理售后，不与顾客发生冲突，不搪塞推脱，设身处地为顾客着想，具有处理突发问题件的能力。/\r\n', '招聘中', '10', '2912', null, null, '南宁', '广西', null, null, null);
INSERT INTO `zp_employment` VALUES ('3356', '深度学习算法研究员招聘', '林颖', '15649846512', '程序员', '2019-12-02 00:00:00', '住宅福利、股票期权、交通补贴', '25000', '\r\n招聘 客服/\r\n只招坐班，外包或在线客服暂不考虑。谢谢！/\r\n\r\n薪资待遇/\r\n\r\n无责任底薪3500（依个人能力而定）+全勤奖+提成综合待遇 多劳多得/\r\n\r\n工作满半年上五险 3500元——20000元/\r\n\r\n工作环境好，交通便利，紧邻地铁一号线，万达商圈。精英客服每年有一次加薪的机会。/\r\n\r\n目前公司进入快速发展阶段，晋升空间巨大。一经录用，待遇从优。/\r\n\r\n工作时间：早九到晚六。单休，无晚班。/\r\n\r\n淘宝客服岗位职责：/\r\n\r\n1、有淘宝及网络销售工作经验者优先。/\r\n\r\n2、具有一定的网络沟通能力，能够热情的给顾客介绍产品，解答顾客的问题，积极主动销售。具有强烈的服务意识。/\r\n\r\n3、能够很好的处理售后，不与顾客发生冲突，不搪塞推脱，设身处地为顾客着想，具有处理突发问题件的能力。/\r\n', '招聘中', '15', '2914', null, null, '柳州', '广西', null, null, null);
INSERT INTO `zp_employment` VALUES ('3357', '销售经理招聘', '邓肖', '14984913122', '经理', '2019-12-12 00:00:00', '无责底薪、弹性工作', '5000', '\r\n招聘 客服/\r\n只招坐班，外包或在线客服暂不考虑。谢谢！/\r\n\r\n薪资待遇/\r\n\r\n无责任底薪3500（依个人能力而定）+全勤奖+提成综合待遇 多劳多得/\r\n\r\n工作满半年上五险 3500元——20000元/\r\n\r\n工作环境好，交通便利，紧邻地铁一号线，万达商圈。精英客服每年有一次加薪的机会。/\r\n\r\n目前公司进入快速发展阶段，晋升空间巨大。一经录用，待遇从优。/\r\n\r\n工作时间：早九到晚六。单休，无晚班。/\r\n\r\n淘宝客服岗位职责：/\r\n\r\n1、有淘宝及网络销售工作经验者优先。/\r\n\r\n2、具有一定的网络沟通能力，能够热情的给顾客介绍产品，解答顾客的问题，积极主动销售。具有强烈的服务意识。/\r\n\r\n3、能够很好的处理售后，不与顾客发生冲突，不搪塞推脱，设身处地为顾客着想，具有处理突发问题件的能力。/\r\n', '招聘完成', '10', '2902', null, null, '厦门', '福建', null, null, null);
INSERT INTO `zp_employment` VALUES ('3358', 'web高级前端工程师招聘', '龙傲', '15896311878', '程序员', '2019-11-27 00:00:00', '双休、五险一金', '8000', '\r\n招聘 客服/\r\n只招坐班，外包或在线客服暂不考虑。谢谢！/\r\n\r\n薪资待遇/\r\n\r\n无责任底薪3500（依个人能力而定）+全勤奖+提成综合待遇 多劳多得/\r\n\r\n工作满半年上五险 3500元——20000元/\r\n\r\n工作环境好，交通便利，紧邻地铁一号线，万达商圈。精英客服每年有一次加薪的机会。/\r\n\r\n目前公司进入快速发展阶段，晋升空间巨大。一经录用，待遇从优。/\r\n\r\n工作时间：早九到晚六。单休，无晚班。/\r\n\r\n淘宝客服岗位职责：/\r\n\r\n1、有淘宝及网络销售工作经验者优先。/\r\n\r\n2、具有一定的网络沟通能力，能够热情的给顾客介绍产品，解答顾客的问题，积极主动销售。具有强烈的服务意识。/\r\n\r\n3、能够很好的处理售后，不与顾客发生冲突，不搪塞推脱，设身处地为顾客着想，具有处理突发问题件的能力。/\r\n', '招聘完成', '10', '2902', null, null, '漳州', '福建', null, null, null);
INSERT INTO `zp_employment` VALUES ('3359', 'Vue前端开发工程师招聘', '蓝东泽', '15989532345', '程序员', '2019-12-29 16:01:55', '无责底薪、弹性工作', '8000', '招聘 客服/\r\n只招坐班，外包或在线客服暂不考虑。谢谢！/\r\n\r\n薪资待遇/\r\n\r\n无责任底薪3500（依个人能力而定）+全勤奖+提成综合待遇 多劳多得/\r\n\r\n工作满半年上五险 3500元——20000元/\r\n\r\n工作环境好，交通便利，紧邻地铁一号线，万达商圈。精英客服每年有一次加薪的机会。/\r\n\r\n目前公司进入快速发展阶段，晋升空间巨大。一经录用，待遇从优。/\r\n\r\n工作时间：早九到晚六。单休，无晚班。/\r\n\r\n淘宝客服岗位职责：/\r\n\r\n1、有淘宝及网络销售工作经验者优先。/\r\n\r\n2、具有一定的网络沟通能力，能够热情的给顾客介绍产品，解答顾客的问题，积极主动销售。具有强烈的服务意识。/\r\n\r\n3、能够很好的处理售后，不与顾客发生冲突，不搪塞推脱，设身处地为顾客着想，具有处理突发问题件的能力。/', '审核通过', '10', '2912', '', null, '广州', '广东', null, null, '');
INSERT INTO `zp_employment` VALUES ('3360', '销售经理-上海招聘', '熊盛开', '19875215499', '经理', '2019-12-29 14:35:55', '养老保险、医疗保险、失业保险', '5000', '\r\n招聘 客服/\r\n只招坐班，外包或在线客服暂不考虑。谢谢！/\r\n\r\n薪资待遇/\r\n\r\n无责任底薪3500（依个人能力而定）+全勤奖+提成综合待遇 多劳多得/\r\n\r\n工作满半年上五险 3500元——20000元/\r\n\r\n工作环境好，交通便利，紧邻地铁一号线，万达商圈。精英客服每年有一次加薪的机会。/\r\n\r\n目前公司进入快速发展阶段，晋升空间巨大。一经录用，待遇从优。/\r\n\r\n工作时间：早九到晚六。单休，无晚班。/\r\n\r\n淘宝客服岗位职责：/\r\n\r\n1、有淘宝及网络销售工作经验者优先。/\r\n\r\n2、具有一定的网络沟通能力，能够热情的给顾客介绍产品，解答顾客的问题，积极主动销售。具有强烈的服务意识。/\r\n\r\n3、能够很好的处理售后，不与顾客发生冲突，不搪塞推脱，设身处地为顾客着想，具有处理突发问题件的能力。/\r\n', '待审核', '15', '2904', null, null, '深圳', '广东', null, null, null);
INSERT INTO `zp_employment` VALUES ('3361', '商务助理', '陈鑫', '15974651654', '助理', '2019-12-29 16:02:56', '产假、事假', '5000', '招聘 客服/\r\n只招坐班，外包或在线客服暂不考虑。谢谢！/\r\n\r\n薪资待遇/\r\n\r\n无责任底薪3500（依个人能力而定）+全勤奖+提成综合待遇 多劳多得/\r\n\r\n工作满半年上五险 3500元——20000元/\r\n\r\n工作环境好，交通便利，紧邻地铁一号线，万达商圈。精英客服每年有一次加薪的机会。/\r\n\r\n目前公司进入快速发展阶段，晋升空间巨大。一经录用，待遇从优。/\r\n\r\n工作时间：早九到晚六。单休，无晚班。/\r\n\r\n淘宝客服岗位职责：/\r\n\r\n1、有淘宝及网络销售工作经验者优先。/\r\n\r\n2、具有一定的网络沟通能力，能够热情的给顾客介绍产品，解答顾客的问题，积极主动销售。具有强烈的服务意识。/\r\n\r\n3、能够很好的处理售后，不与顾客发生冲突，不搪塞推脱，设身处地为顾客着想，具有处理突发问题件的能力。/', '审核通过', '2', '2903', '', null, '南宁', '广西', null, null, '');
INSERT INTO `zp_employment` VALUES ('3362', '销售储备干部', '谢志龙', '13216799757', '销售员', '2019-12-29 14:36:08', '生日福利、体检福利、劳动安全卫生保护福利', '8000', '\r\n招聘 客服/\r\n只招坐班，外包或在线客服暂不考虑。谢谢！/\r\n\r\n薪资待遇/\r\n\r\n无责任底薪3500（依个人能力而定）+全勤奖+提成综合待遇 多劳多得/\r\n\r\n工作满半年上五险 3500元——20000元/\r\n\r\n工作环境好，交通便利，紧邻地铁一号线，万达商圈。精英客服每年有一次加薪的机会。/\r\n\r\n目前公司进入快速发展阶段，晋升空间巨大。一经录用，待遇从优。/\r\n\r\n工作时间：早九到晚六。单休，无晚班。/\r\n\r\n淘宝客服岗位职责：/\r\n\r\n1、有淘宝及网络销售工作经验者优先。/\r\n\r\n2、具有一定的网络沟通能力，能够热情的给顾客介绍产品，解答顾客的问题，积极主动销售。具有强烈的服务意识。/\r\n\r\n3、能够很好的处理售后，不与顾客发生冲突，不搪塞推脱，设身处地为顾客着想，具有处理突发问题件的能力。/\r\n', '待审核', '3', '2904', null, null, '南宁', '广西', null, null, null);
INSERT INTO `zp_employment` VALUES ('3363', '电话销售专员', '权志龙', '12234454343', '销售员', '2019-12-29 16:02:56', '生日福利、体检福利、劳动安全卫生保护福利', '8000', '招聘 客服/\r\n只招坐班，外包或在线客服暂不考虑。谢谢！/\r\n薪资待遇/\r\n无责任底薪3500（依个人能力而定）+全勤奖+提成综合待遇 多劳多得/\r\n工作满半年上五险 3500元——20000元/\r\n工作环境好，交通便利，紧邻地铁一号线，万达商圈。精英客服每年有一次加薪的机会。/\r\n目前公司进入快速发展阶段，晋升空间巨大。一经录用，待遇从优。/\r\n工作时间：早九到晚六。单休，无晚班。/\r\n淘宝客服岗位职责：/\r\n1、有淘宝及网络销售工作经验者优先。/\r\n2、具有一定的网络沟通能力，能够热情的给顾客介绍产品，解答顾客的问题，积极主动销售。具有强烈的服务意识。/\r\n3、能够很好的处理售后，不与顾客发生冲突，不搪塞推脱，设身处地为顾客着想，具有处理突发问题件的能力。 /', '审核通过', '5', '2907', '', null, '深圳', '广东', null, null, '');
INSERT INTO `zp_employment` VALUES ('3364', '大客户经理', '陈国立', '12232433435', '经理', '2019-12-29 14:36:16', '无责底薪、弹性工作', '8000', '招聘 客服/\r\n只招坐班，外包或在线客服暂不考虑。谢谢！/\r\n薪资待遇/\r\n无责任底薪3500（依个人能力而定）+全勤奖+提成综合待遇 多劳多得/\r\n工作满半年上五险 3500元——20000元/\r\n工作环境好，交通便利，紧邻地铁一号线，万达商圈。精英客服每年有一次加薪的机会。/\r\n目前公司进入快速发展阶段，晋升空间巨大。一经录用，待遇从优。/\r\n工作时间：早九到晚六。单休，无晚班。/\r\n淘宝客服岗位职责：/\r\n1、有淘宝及网络销售工作经验者优先。/\r\n2、具有一定的网络沟通能力，能够热情的给顾客介绍产品，解答顾客的问题，积极主动销售。具有强烈的服务意识。/\r\n3、能够很好的处理售后，不与顾客发生冲突，不搪塞推脱，设身处地为顾客着想，具有处理突发问题件的能力。 /', '待审核', '1', '2908', null, null, '南宁', '广西', null, null, null);
INSERT INTO `zp_employment` VALUES ('3365', '销售顾问', '谢荣', '12324223213', '销售员', '2019-12-29 14:36:15', '贴弹性工作、医疗保险', '8000', '招聘 客服/\r\n只招坐班，外包或在线客服暂不考虑。谢谢！/\r\n薪资待遇/\r\n无责任底薪3500（依个人能力而定）+全勤奖+提成综合待遇 多劳多得/\r\n工作满半年上五险 3500元——20000元/\r\n工作环境好，交通便利，紧邻地铁一号线，万达商圈。精英客服每年有一次加薪的机会。/\r\n目前公司进入快速发展阶段，晋升空间巨大。一经录用，待遇从优。/\r\n工作时间：早九到晚六。单休，无晚班。/\r\n淘宝客服岗位职责：/\r\n1、有淘宝及网络销售工作经验者优先。/\r\n2、具有一定的网络沟通能力，能够热情的给顾客介绍产品，解答顾客的问题，积极主动销售。具有强烈的服务意识。/\r\n3、能够很好的处理售后，不与顾客发生冲突，不搪塞推脱，设身处地为顾客着想，具有处理突发问题件的能力。 /', '待审核', '34', '2908', null, null, '四川', '成都', null, null, null);
INSERT INTO `zp_employment` VALUES ('3366', 'JAVA开发工程师', '蒙超田', '12343287685', '程序员', '2019-12-29 14:36:14', '无责底薪、弹性工作', '8000', '招聘 客服/\r\n只招坐班，外包或在线客服暂不考虑。谢谢！/\r\n薪资待遇/\r\n无责任底薪3500（依个人能力而定）+全勤奖+提成综合待遇 多劳多得/\r\n工作满半年上五险 3500元——20000元/\r\n工作环境好，交通便利，紧邻地铁一号线，万达商圈。精英客服每年有一次加薪的机会。/\r\n目前公司进入快速发展阶段，晋升空间巨大。一经录用，待遇从优。/\r\n工作时间：早九到晚六。单休，无晚班。/\r\n淘宝客服岗位职责：/\r\n1、有淘宝及网络销售工作经验者优先。/\r\n2、具有一定的网络沟通能力，能够热情的给顾客介绍产品，解答顾客的问题，积极主动销售。具有强烈的服务意识。/\r\n3、能够很好的处理售后，不与顾客发生冲突，不搪塞推脱，设身处地为顾客着想，具有处理突发问题件的能力。 /', '待审核', '21', '2911', null, null, '厦门', '福建', null, null, null);
INSERT INTO `zp_employment` VALUES ('3369', '推广专员', '周客', '13435464535', '销售员', '2019-12-29 14:31:22', '五险一金、加班补助', '5000', '招聘 客服/\r\n只招坐班，外包或在线客服暂不考虑。谢谢！/\r\n薪资待遇/\r\n无责任底薪3500（依个人能力而定）+全勤奖+提成综合待遇 多劳多得/\r\n工作满半年上五险 3500元——20000元/\r\n工作环境好，交通便利，紧邻地铁一号线，万达商圈。精英客服每年有一次加薪的机会。/\r\n目前公司进入快速发展阶段，晋升空间巨大。一经录用，待遇从优。/\r\n工作时间：早九到晚六。单休，无晚班。/\r\n淘宝客服岗位职责：/\r\n1、有淘宝及网络销售工作经验者优先。/\r\n2、具有一定的网络沟通能力，能够热情的给顾客介绍产品，解答顾客的问题，积极主动销售。具有强烈的服务意识。/\r\n3、能够很好的处理售后，不与顾客发生冲突，不搪塞推脱，设身处地为顾客着想，具有处理突发问题件的能力。 /', '招聘完成', '31', '2902', null, null, '漳州', '福建', null, null, null);
INSERT INTO `zp_employment` VALUES ('3371', '前端开发工程师 ', '梁冀鑫', '12343245345', '程序员', '2019-12-29 14:31:30', '双休、五险一金', '8000', '招聘 客服/\r\n只招坐班，外包或在线客服暂不考虑。谢谢！/\r\n薪资待遇/\r\n无责任底薪3500（依个人能力而定）+全勤奖+提成综合待遇 多劳多得/\r\n工作满半年上五险 3500元——20000元/\r\n工作环境好，交通便利，紧邻地铁一号线，万达商圈。精英客服每年有一次加薪的机会。/\r\n目前公司进入快速发展阶段，晋升空间巨大。一经录用，待遇从优。/\r\n工作时间：早九到晚六。单休，无晚班。/\r\n淘宝客服岗位职责：/\r\n1、有淘宝及网络销售工作经验者优先。/\r\n2、具有一定的网络沟通能力，能够热情的给顾客介绍产品，解答顾客的问题，积极主动销售。具有强烈的服务意识。/\r\n3、能够很好的处理售后，不与顾客发生冲突，不搪塞推脱，设身处地为顾客着想，具有处理突发问题件的能力。 /', '招聘完成', '2', '2911', null, null, '海珠', '广东', null, null, null);
INSERT INTO `zp_employment` VALUES ('3372', '产品经理/总监（视觉芯片）', '林天型', '13454354344', '经理', '2019-12-29 14:31:35', '股票期权、交通补贴', '20000', '招聘 客服/\r\n只招坐班，外包或在线客服暂不考虑。谢谢！/\r\n薪资待遇/\r\n无责任底薪3500（依个人能力而定）+全勤奖+提成综合待遇 多劳多得/\r\n工作满半年上五险 3500元——20000元/\r\n工作环境好，交通便利，紧邻地铁一号线，万达商圈。精英客服每年有一次加薪的机会。/\r\n目前公司进入快速发展阶段，晋升空间巨大。一经录用，待遇从优。/\r\n工作时间：早九到晚六。单休，无晚班。/\r\n淘宝客服岗位职责：/\r\n1、有淘宝及网络销售工作经验者优先。/\r\n2、具有一定的网络沟通能力，能够热情的给顾客介绍产品，解答顾客的问题，积极主动销售。具有强烈的服务意识。/\r\n3、能够很好的处理售后，不与顾客发生冲突，不搪塞推脱，设身处地为顾客着想，具有处理突发问题件的能力。 /', '招聘完成', '5', '2913', null, null, '东莞', '广东', null, null, null);
INSERT INTO `zp_employment` VALUES ('3373', 'h5游戏客户端 ', '邓龙堡', '13435463673', '程序员', '2019-12-29 14:31:44', '生日福利、体检福利', '15000', '招聘 客服/\r\n只招坐班，外包或在线客服暂不考虑。谢谢！/\r\n薪资待遇/\r\n无责任底薪3500（依个人能力而定）+全勤奖+提成综合待遇 多劳多得/\r\n工作满半年上五险 3500元——20000元/\r\n工作环境好，交通便利，紧邻地铁一号线，万达商圈。精英客服每年有一次加薪的机会。/\r\n目前公司进入快速发展阶段，晋升空间巨大。一经录用，待遇从优。/\r\n工作时间：早九到晚六。单休，无晚班。/\r\n淘宝客服岗位职责：/\r\n1、有淘宝及网络销售工作经验者优先。/\r\n2、具有一定的网络沟通能力，能够热情的给顾客介绍产品，解答顾客的问题，积极主动销售。具有强烈的服务意识。/\r\n3、能够很好的处理售后，不与顾客发生冲突，不搪塞推脱，设身处地为顾客着想，具有处理突发问题件的能力。 /', '招聘完成', '10', '2909', null, null, '北京', '北京', null, null, null);
INSERT INTO `zp_employment` VALUES ('3375', '金融助理', '刘星', '13543564535', '助理', '2019-12-29 14:32:10', '双休、五险一金', '5000', '招聘 客服/\r\n只招坐班，外包或在线客服暂不考虑。谢谢！/\r\n薪资待遇/\r\n无责任底薪3500（依个人能力而定）+全勤奖+提成综合待遇 多劳多得/\r\n工作满半年上五险 3500元——20000元/\r\n工作环境好，交通便利，紧邻地铁一号线，万达商圈。精英客服每年有一次加薪的机会。/\r\n目前公司进入快速发展阶段，晋升空间巨大。一经录用，待遇从优。/\r\n工作时间：早九到晚六。单休，无晚班。/\r\n淘宝客服岗位职责：/\r\n1、有淘宝及网络销售工作经验者优先。/\r\n2、具有一定的网络沟通能力，能够热情的给顾客介绍产品，解答顾客的问题，积极主动销售。具有强烈的服务意识。/\r\n3、能够很好的处理售后，不与顾客发生冲突，不搪塞推脱，设身处地为顾客着想，具有处理突发问题件的能力。 /', '招聘完成', '10', '2914', null, null, '上海', '上海', null, null, null);
INSERT INTO `zp_employment` VALUES ('3376', '高级java开发工程师', '陈婷', '35324654765', '程序员', '2019-12-29 14:32:15', '无责底薪、弹性工作', '20000', '招聘 客服/\r\n只招坐班，外包或在线客服暂不考虑。谢谢！/\r\n薪资待遇/\r\n无责任底薪3500（依个人能力而定）+全勤奖+提成综合待遇 多劳多得/\r\n工作满半年上五险 3500元——20000元/\r\n工作环境好，交通便利，紧邻地铁一号线，万达商圈。精英客服每年有一次加薪的机会。/\r\n目前公司进入快速发展阶段，晋升空间巨大。一经录用，待遇从优。/\r\n工作时间：早九到晚六。单休，无晚班。/\r\n淘宝客服岗位职责：/\r\n1、有淘宝及网络销售工作经验者优先。/\r\n2、具有一定的网络沟通能力，能够热情的给顾客介绍产品，解答顾客的问题，积极主动销售。具有强烈的服务意识。/\r\n3、能够很好的处理售后，不与顾客发生冲突，不搪塞推脱，设身处地为顾客着想，具有处理突发问题件的能力。 /', '招聘完成', '10', '2903', null, null, '广州', '广东', null, null, null);
INSERT INTO `zp_employment` VALUES ('3377', 'ios开发工程师 ', '李相惜', '54632423344', '程序员', '2019-12-29 14:32:21', '五险一金', '10000', '招聘 客服/\r\n只招坐班，外包或在线客服暂不考虑。谢谢！/\r\n薪资待遇/\r\n无责任底薪3500（依个人能力而定）+全勤奖+提成综合待遇 多劳多得/\r\n工作满半年上五险 3500元——20000元/\r\n工作环境好，交通便利，紧邻地铁一号线，万达商圈。精英客服每年有一次加薪的机会。/\r\n目前公司进入快速发展阶段，晋升空间巨大。一经录用，待遇从优。/\r\n工作时间：早九到晚六。单休，无晚班。/\r\n淘宝客服岗位职责：/\r\n1、有淘宝及网络销售工作经验者优先。/\r\n2、具有一定的网络沟通能力，能够热情的给顾客介绍产品，解答顾客的问题，积极主动销售。具有强烈的服务意识。/\r\n3、能够很好的处理售后，不与顾客发生冲突，不搪塞推脱，设身处地为顾客着想，具有处理突发问题件的能力。 /', '审核中', '5', '2902', '10', null, '成都', '四川', null, null, '拒绝');
INSERT INTO `zp_employment` VALUES ('3378', '高级产品经理', '林家辉', '43243234244', '经理', '2019-12-29 14:32:26', '五险一金、带薪休假、生日福利', '15000', '招聘 客服/\r\n只招坐班，外包或在线客服暂不考虑。谢谢！/\r\n薪资待遇/\r\n无责任底薪3500（依个人能力而定）+全勤奖+提成综合待遇 多劳多得/\r\n工作满半年上五险 3500元——20000元/\r\n工作环境好，交通便利，紧邻地铁一号线，万达商圈。精英客服每年有一次加薪的机会。/\r\n目前公司进入快速发展阶段，晋升空间巨大。一经录用，待遇从优。/\r\n工作时间：早九到晚六。单休，无晚班。/\r\n淘宝客服岗位职责：/\r\n1、有淘宝及网络销售工作经验者优先。/\r\n2、具有一定的网络沟通能力，能够热情的给顾客介绍产品，解答顾客的问题，积极主动销售。具有强烈的服务意识。/\r\n3、能够很好的处理售后，不与顾客发生冲突，不搪塞推脱，设身处地为顾客着想，具有处理突发问题件的能力。 /', '审核中', '5', '2902', '10', null, '柳州', '广西', null, null, '拒绝');
INSERT INTO `zp_employment` VALUES ('3379', '前端开发', '陈超', '13432435543', '程序员', '2019-12-29 14:32:30', '交通福利、健康体检、', '8000', '招聘 客服/\r\n只招坐班，外包或在线客服暂不考虑。谢谢！/\r\n薪资待遇/\r\n无责任底薪3500（依个人能力而定）+全勤奖+提成综合待遇 多劳多得/\r\n工作满半年上五险 3500元——20000元/\r\n工作环境好，交通便利，紧邻地铁一号线，万达商圈。精英客服每年有一次加薪的机会。/\r\n目前公司进入快速发展阶段，晋升空间巨大。一经录用，待遇从优。/\r\n工作时间：早九到晚六。单休，无晚班。/\r\n淘宝客服岗位职责：/\r\n1、有淘宝及网络销售工作经验者优先。/\r\n2、具有一定的网络沟通能力，能够热情的给顾客介绍产品，解答顾客的问题，积极主动销售。具有强烈的服务意识。/\r\n3、能够很好的处理售后，不与顾客发生冲突，不搪塞推脱，设身处地为顾客着想，具有处理突发问题件的能力。 /', '待审核', '5', '2902', null, null, '南宁', '广西', null, null, null);
INSERT INTO `zp_employment` VALUES ('3381', '交易所产品经理 ', '吴毅', '16978465123', '经理', '2019-12-29 10:18:13', '住房福利、健康体检、', '8000', '招聘 客服/\r\n只招坐班，外包或在线客服暂不考虑。谢谢！/\r\n薪资待遇/\r\n无责任底薪3500（依个人能力而定）+全勤奖+提成综合待遇 多劳多得/\r\n工作满半年上五险 3500元——20000元/\r\n工作环境好，交通便利，紧邻地铁一号线，万达商圈。精英客服每年有一次加薪的机会。/\r\n目前公司进入快速发展阶段，晋升空间巨大。一经录用，待遇从优。/\r\n工作时间：早九到晚六。单休，无晚班。/\r\n淘宝客服岗位职责：/\r\n1、有淘宝及网络销售工作经验者优先。/\r\n2、具有一定的网络沟通能力，能够热情的给顾客介绍产品，解答顾客的问题，积极主动销售。具有强烈的服务意识。/\r\n3、能够很好的处理售后，不与顾客发生冲突，不搪塞推脱，设身处地为顾客着想，具有处理突发问题件的能力。 /', '审核通过', '50', '2903', null, null, '北京', '北京', null, null, null);
INSERT INTO `zp_employment` VALUES ('3382', '后期制作（包装剪辑师） ', '杨辉', '18976415156', '后期人员', '2019-12-29 10:18:35', '住房福利、带薪休假、生日福利、交通福利、健康体检、五险一金、', '10000', '招聘 客服/\r\n只招坐班，外包或在线客服暂不考虑。谢谢！/\r\n薪资待遇/\r\n无责任底薪3500（依个人能力而定）+全勤奖+提成综合待遇 多劳多得/\r\n工作满半年上五险 3500元——20000元/\r\n工作环境好，交通便利，紧邻地铁一号线，万达商圈。精英客服每年有一次加薪的机会。/\r\n目前公司进入快速发展阶段，晋升空间巨大。一经录用，待遇从优。/\r\n工作时间：早九到晚六。单休，无晚班。/\r\n淘宝客服岗位职责：/\r\n1、有淘宝及网络销售工作经验者优先。/\r\n2、具有一定的网络沟通能力，能够热情的给顾客介绍产品，解答顾客的问题，积极主动销售。具有强烈的服务意识。/\r\n3、能够很好的处理售后，不与顾客发生冲突，不搪塞推脱，设身处地为顾客着想，具有处理突发问题件的能力。 /', '审核通过', '10', '2902', '', null, '成都', '四川', null, null, '');
INSERT INTO `zp_employment` VALUES ('3383', '交易所产品经理 ', '杨雪', '15678945612', '经理', '2019-12-29 10:32:21', '贴弹性工作、医疗保险', '10000', '招聘 客服/\r\n只招坐班，外包或在线客服暂不考虑。谢谢！/\r\n薪资待遇/\r\n无责任底薪3500（依个人能力而定）+全勤奖+提成综合待遇 多劳多得/\r\n工作满半年上五险 3500元——20000元/\r\n工作环境好，交通便利，紧邻地铁一号线，万达商圈。精英客服每年有一次加薪的机会。/\r\n目前公司进入快速发展阶段，晋升空间巨大。一经录用，待遇从优。/\r\n工作时间：早九到晚六。单休，无晚班。/\r\n淘宝客服岗位职责：/\r\n1、有淘宝及网络销售工作经验者优先。/\r\n2、具有一定的网络沟通能力，能够热情的给顾客介绍产品，解答顾客的问题，积极主动销售。具有强烈的服务意识。/\r\n3、能够很好的处理售后，不与顾客发生冲突，不搪塞推脱，设身处地为顾客着想，具有处理突发问题件的能力。 /', '待审核', '10', '2903', null, null, '南宁', '广西', null, null, null);
INSERT INTO `zp_employment` VALUES ('3384', '网站程序开发 ', '程序员', '15648946512', '程序员', '2019-12-29 10:32:33', '生日福利、体检福利', '10000', '招聘 客服/\r\n只招坐班，外包或在线客服暂不考虑。谢谢！/\r\n薪资待遇/\r\n无责任底薪3500（依个人能力而定）+全勤奖+提成综合待遇 多劳多得/\r\n工作满半年上五险 3500元——20000元/\r\n工作环境好，交通便利，紧邻地铁一号线，万达商圈。精英客服每年有一次加薪的机会。/\r\n目前公司进入快速发展阶段，晋升空间巨大。一经录用，待遇从优。/\r\n工作时间：早九到晚六。单休，无晚班。/\r\n淘宝客服岗位职责：/\r\n1、有淘宝及网络销售工作经验者优先。/\r\n2、具有一定的网络沟通能力，能够热情的给顾客介绍产品，解答顾客的问题，积极主动销售。具有强烈的服务意识。/\r\n3、能够很好的处理售后，不与顾客发生冲突，不搪塞推脱，设身处地为顾客着想，具有处理突发问题件的能力。 /', '待审核', '10', '2907', null, null, '东莞', '广东', null, null, null);
INSERT INTO `zp_employment` VALUES ('3385', '项目经理 ', '陈粒', '15978451321', '经理', '2019-12-29 10:32:52', '股票期权、交通补贴、高温补贴', '8000', '招聘 客服/\r\n只招坐班，外包或在线客服暂不考虑。谢谢！/\r\n薪资待遇/\r\n无责任底薪3500（依个人能力而定）+全勤奖+提成综合待遇 多劳多得/\r\n工作满半年上五险 3500元——20000元/\r\n工作环境好，交通便利，紧邻地铁一号线，万达商圈。精英客服每年有一次加薪的机会。/\r\n目前公司进入快速发展阶段，晋升空间巨大。一经录用，待遇从优。/\r\n工作时间：早九到晚六。单休，无晚班。/\r\n淘宝客服岗位职责：/\r\n1、有淘宝及网络销售工作经验者优先。/\r\n2、具有一定的网络沟通能力，能够热情的给顾客介绍产品，解答顾客的问题，积极主动销售。具有强烈的服务意识。/\r\n3、能够很好的处理售后，不与顾客发生冲突，不搪塞推脱，设身处地为顾客着想，具有处理突发问题件的能力。 /', '待审核', '10', '2903', null, null, '深圳', '广东', null, null, null);

-- ----------------------------
-- Table structure for `zp_employment_jobhunter`
-- ----------------------------
DROP TABLE IF EXISTS `zp_employment_jobhunter`;
CREATE TABLE `zp_employment_jobhunter` (
  `id` bigint(20) NOT NULL AUTO_INCREMENT,
  `ask_time` timestamp NOT NULL DEFAULT CURRENT_TIMESTAMP ON UPDATE CURRENT_TIMESTAMP,
  `remark` varchar(255) DEFAULT NULL,
  `employment_id` bigint(20) NOT NULL,
  `jobhunter_id` bigint(20) NOT NULL,
  PRIMARY KEY (`id`),
  KEY `employment_id` (`employment_id`),
  KEY `jobhunter_id` (`jobhunter_id`),
  CONSTRAINT `zp_employment_jobhunter_ibfk_1` FOREIGN KEY (`employment_id`) REFERENCES `zp_employment` (`id`),
  CONSTRAINT `zp_employment_jobhunter_ibfk_2` FOREIGN KEY (`jobhunter_id`) REFERENCES `zp_jobhunter` (`id`)
) ENGINE=InnoDB AUTO_INCREMENT=379 DEFAULT CHARSET=utf8;

-- ----------------------------
-- Records of zp_employment_jobhunter
-- ----------------------------
INSERT INTO `zp_employment_jobhunter` VALUES ('1', '2019-11-15 16:23:31', '已联系', '2897', '1069');
INSERT INTO `zp_employment_jobhunter` VALUES ('70', '2019-12-29 15:01:04', '已联系', '360', '1069');
INSERT INTO `zp_employment_jobhunter` VALUES ('75', '2019-12-29 15:01:05', '已联系', '2855', '32');
INSERT INTO `zp_employment_jobhunter` VALUES ('79', '2019-12-29 15:01:06', '已联系', '360', '1074');
INSERT INTO `zp_employment_jobhunter` VALUES ('83', '2019-12-29 15:05:55', '已联系', '360', '1136');
INSERT INTO `zp_employment_jobhunter` VALUES ('87', '2019-12-29 15:01:08', '已联系', '2855', '1177');
INSERT INTO `zp_employment_jobhunter` VALUES ('90', '2019-12-29 15:01:15', '待联系', '360', '1153');
INSERT INTO `zp_employment_jobhunter` VALUES ('91', '2019-12-29 15:05:59', '已联系', '360', '1179');
INSERT INTO `zp_employment_jobhunter` VALUES ('92', '2019-12-29 15:05:50', '稍后联系', '2897', '1180');
INSERT INTO `zp_employment_jobhunter` VALUES ('94', '2019-12-29 15:01:30', '待联系', '2903', '1179');
INSERT INTO `zp_employment_jobhunter` VALUES ('96', '2019-12-29 15:01:32', '待联系', '360', '1181');
INSERT INTO `zp_employment_jobhunter` VALUES ('97', '2019-12-29 15:01:33', '待联系', '360', '1181');
INSERT INTO `zp_employment_jobhunter` VALUES ('98', '2019-12-29 15:01:34', '待联系', '2903', '1181');
INSERT INTO `zp_employment_jobhunter` VALUES ('99', '2019-12-29 15:01:34', '待联系', '360', '1181');
INSERT INTO `zp_employment_jobhunter` VALUES ('100', '2019-12-29 15:01:35', '待联系', '2855', '1177');
INSERT INTO `zp_employment_jobhunter` VALUES ('101', '2019-12-29 15:01:36', '待联系', '2855', '1182');
INSERT INTO `zp_employment_jobhunter` VALUES ('102', '2019-12-29 15:01:36', '待联系', '2897', '1183');
INSERT INTO `zp_employment_jobhunter` VALUES ('103', '2019-12-29 15:01:38', '待联系', '2903', '1183');
INSERT INTO `zp_employment_jobhunter` VALUES ('104', '2019-12-29 15:01:39', '待联系', '360', '1183');
INSERT INTO `zp_employment_jobhunter` VALUES ('105', '2019-12-29 15:01:40', '待联系', '360', '1183');
INSERT INTO `zp_employment_jobhunter` VALUES ('106', '2019-12-29 15:01:40', '待联系', '360', '1184');
INSERT INTO `zp_employment_jobhunter` VALUES ('107', '2019-10-02 17:51:16', '已联系,,', '2855', '1183');
INSERT INTO `zp_employment_jobhunter` VALUES ('108', '2019-12-29 15:01:42', '待联系', '360', '1153');
INSERT INTO `zp_employment_jobhunter` VALUES ('109', '2019-12-29 15:01:43', '待联系', '360', '1153');
INSERT INTO `zp_employment_jobhunter` VALUES ('110', '2019-12-29 15:01:44', '待联系', '360', '1153');
INSERT INTO `zp_employment_jobhunter` VALUES ('111', '2019-12-29 15:01:45', '待联系', '360', '1153');
INSERT INTO `zp_employment_jobhunter` VALUES ('112', '2019-12-29 15:01:46', '待联系', '360', '1153');
INSERT INTO `zp_employment_jobhunter` VALUES ('113', '2019-12-29 15:01:47', '待联系', '360', '1185');
INSERT INTO `zp_employment_jobhunter` VALUES ('114', '2019-12-29 15:01:48', '待联系', '360', '1188');
INSERT INTO `zp_employment_jobhunter` VALUES ('115', '2019-12-29 15:01:49', '待联系', '360', '1189');
INSERT INTO `zp_employment_jobhunter` VALUES ('116', '2019-12-29 15:01:50', '待联系', '360', '1189');
INSERT INTO `zp_employment_jobhunter` VALUES ('117', '2019-12-29 15:01:51', '待联系', '360', '1189');
INSERT INTO `zp_employment_jobhunter` VALUES ('118', '2019-12-29 15:01:52', '待联系', '360', '1189');
INSERT INTO `zp_employment_jobhunter` VALUES ('119', '2019-12-29 15:01:53', '待联系', '360', '1189');
INSERT INTO `zp_employment_jobhunter` VALUES ('120', '2019-12-29 15:01:54', '待联系', '360', '1194');
INSERT INTO `zp_employment_jobhunter` VALUES ('126', '2019-12-29 15:01:55', '待联系', '360', '1069');
INSERT INTO `zp_employment_jobhunter` VALUES ('127', '2019-12-29 15:01:56', '待联系', '2855', '1069');
INSERT INTO `zp_employment_jobhunter` VALUES ('130', '2019-12-29 15:01:57', '待联系', '360', '1202');
INSERT INTO `zp_employment_jobhunter` VALUES ('131', '2019-12-29 15:01:58', '待联系', '360', '1202');
INSERT INTO `zp_employment_jobhunter` VALUES ('133', '2019-12-29 15:01:59', '待联系', '360', '1202');
INSERT INTO `zp_employment_jobhunter` VALUES ('135', '2019-12-29 15:01:59', '待联系', '360', '1202');
INSERT INTO `zp_employment_jobhunter` VALUES ('136', '2019-12-29 15:02:01', '待联系', '360', '1205');
INSERT INTO `zp_employment_jobhunter` VALUES ('137', '2019-12-29 15:02:02', '待联系', '360', '1205');
INSERT INTO `zp_employment_jobhunter` VALUES ('138', '2019-12-29 15:02:03', '待联系', '2903', '1153');
INSERT INTO `zp_employment_jobhunter` VALUES ('139', '2019-12-29 15:02:04', '待联系', '360', '1208');
INSERT INTO `zp_employment_jobhunter` VALUES ('140', '2019-12-29 15:02:05', '待联系', '360', '1209');
INSERT INTO `zp_employment_jobhunter` VALUES ('141', '2019-12-29 15:02:05', '待联系', '360', '1210');
INSERT INTO `zp_employment_jobhunter` VALUES ('142', '2019-12-29 15:02:07', '待联系', '360', '1211');
INSERT INTO `zp_employment_jobhunter` VALUES ('143', '2019-12-29 15:02:08', '待联系', '360', '1211');
INSERT INTO `zp_employment_jobhunter` VALUES ('144', '2019-12-29 15:02:11', '待联系', '360', '1212');
INSERT INTO `zp_employment_jobhunter` VALUES ('145', '2019-12-29 15:02:11', '待联系', '360', '1212');
INSERT INTO `zp_employment_jobhunter` VALUES ('146', '2019-12-29 15:02:13', '待联系', '360', '1210');
INSERT INTO `zp_employment_jobhunter` VALUES ('147', '2019-12-29 15:02:13', '待联系', '360', '1213');
INSERT INTO `zp_employment_jobhunter` VALUES ('149', '2019-12-29 15:02:14', '待联系', '360', '1213');
INSERT INTO `zp_employment_jobhunter` VALUES ('150', '2019-12-29 15:02:15', '待联系', '360', '1213');
INSERT INTO `zp_employment_jobhunter` VALUES ('151', '2019-12-29 15:02:16', '待联系', '360', '1213');
INSERT INTO `zp_employment_jobhunter` VALUES ('153', '2019-12-29 15:02:17', '待联系', '360', '1214');
INSERT INTO `zp_employment_jobhunter` VALUES ('154', '2019-12-29 15:02:18', '待联系', '360', '1215');
INSERT INTO `zp_employment_jobhunter` VALUES ('155', '2019-12-29 15:02:19', '待联系', '360', '1153');
INSERT INTO `zp_employment_jobhunter` VALUES ('163', '2019-12-29 15:02:20', '待联系', '360', '1216');
INSERT INTO `zp_employment_jobhunter` VALUES ('168', '2019-12-29 15:02:21', '待联系', '360', '1216');
INSERT INTO `zp_employment_jobhunter` VALUES ('169', '2019-12-29 15:02:22', '待联系', '360', '1217');
INSERT INTO `zp_employment_jobhunter` VALUES ('170', '2019-12-29 15:02:23', '待联系', '360', '1218');
INSERT INTO `zp_employment_jobhunter` VALUES ('171', '2019-12-29 15:02:24', '待联系', '360', '1218');
INSERT INTO `zp_employment_jobhunter` VALUES ('172', '2019-12-29 15:02:26', '待联系', '360', '1218');
INSERT INTO `zp_employment_jobhunter` VALUES ('173', '2019-12-29 15:02:27', '待联系', '360', '1219');
INSERT INTO `zp_employment_jobhunter` VALUES ('174', '2019-12-29 15:02:28', '待联系', '360', '1220');
INSERT INTO `zp_employment_jobhunter` VALUES ('175', '2019-12-29 15:02:28', '待联系', '360', '1153');
INSERT INTO `zp_employment_jobhunter` VALUES ('176', '2019-12-29 15:02:29', '待联系', '360', '1153');
INSERT INTO `zp_employment_jobhunter` VALUES ('177', '2019-12-29 15:02:31', '待联系', '360', '1221');
INSERT INTO `zp_employment_jobhunter` VALUES ('178', '2019-12-29 15:02:32', '待联系', '360', '1221');
INSERT INTO `zp_employment_jobhunter` VALUES ('179', '2019-12-29 15:02:33', '待联系', '360', '1221');
INSERT INTO `zp_employment_jobhunter` VALUES ('180', '2019-12-29 15:02:34', '待联系', '360', '1221');
INSERT INTO `zp_employment_jobhunter` VALUES ('181', '2019-12-29 15:02:34', '待联系', '360', '1153');
INSERT INTO `zp_employment_jobhunter` VALUES ('182', '2019-12-29 15:02:36', '待联系', '360', '1222');
INSERT INTO `zp_employment_jobhunter` VALUES ('183', '2019-12-29 15:02:37', '待联系', '360', '1222');
INSERT INTO `zp_employment_jobhunter` VALUES ('184', '2019-12-29 15:02:37', '待联系', '360', '1221');
INSERT INTO `zp_employment_jobhunter` VALUES ('185', '2019-12-29 15:02:38', '待联系', '360', '1153');
INSERT INTO `zp_employment_jobhunter` VALUES ('186', '2019-12-29 15:02:40', '待联系', '360', '1223');
INSERT INTO `zp_employment_jobhunter` VALUES ('187', '2019-12-29 15:02:41', '待联系', '360', '1223');
INSERT INTO `zp_employment_jobhunter` VALUES ('188', '2019-12-29 15:02:42', '待联系', '360', '1223');
INSERT INTO `zp_employment_jobhunter` VALUES ('189', '2019-12-29 15:02:44', '待联系', '360', '1153');
INSERT INTO `zp_employment_jobhunter` VALUES ('190', '2019-12-29 15:02:45', '待联系', '360', '1153');
INSERT INTO `zp_employment_jobhunter` VALUES ('191', '2019-12-29 15:02:45', '待联系', '360', '1153');
INSERT INTO `zp_employment_jobhunter` VALUES ('192', '2019-12-29 15:02:46', '待联系', '360', '1153');
INSERT INTO `zp_employment_jobhunter` VALUES ('193', '2019-12-29 15:02:47', '待联系', '360', '1153');
INSERT INTO `zp_employment_jobhunter` VALUES ('194', '2019-12-29 15:02:48', '待联系', '360', '1153');
INSERT INTO `zp_employment_jobhunter` VALUES ('195', '2019-12-29 15:02:49', '待联系', '360', '1153');
INSERT INTO `zp_employment_jobhunter` VALUES ('196', '2019-12-29 15:02:49', '待联系', '360', '1224');
INSERT INTO `zp_employment_jobhunter` VALUES ('197', '2019-12-29 15:02:50', '待联系', '360', '1224');
INSERT INTO `zp_employment_jobhunter` VALUES ('198', '2019-12-29 15:02:52', '待联系', '360', '1224');
INSERT INTO `zp_employment_jobhunter` VALUES ('199', '2019-12-29 15:02:52', '待联系', '360', '1225');
INSERT INTO `zp_employment_jobhunter` VALUES ('200', '2019-12-29 15:02:53', '待联系', '360', '1226');
INSERT INTO `zp_employment_jobhunter` VALUES ('201', '2019-12-29 15:02:54', '待联系', '360', '1227');
INSERT INTO `zp_employment_jobhunter` VALUES ('202', '2019-12-29 15:02:55', '待联系', '360', '1228');
INSERT INTO `zp_employment_jobhunter` VALUES ('203', '2019-12-29 15:02:56', '待联系', '360', '1229');
INSERT INTO `zp_employment_jobhunter` VALUES ('204', '2019-12-29 15:02:57', '待联系', '360', '1230');
INSERT INTO `zp_employment_jobhunter` VALUES ('205', '2019-12-29 15:02:58', '待联系', '360', '1231');
INSERT INTO `zp_employment_jobhunter` VALUES ('206', '2019-12-29 15:02:59', '待联系', '360', '1232');
INSERT INTO `zp_employment_jobhunter` VALUES ('207', '2019-12-29 15:03:04', '待待联', '360', '1233');
INSERT INTO `zp_employment_jobhunter` VALUES ('208', '2019-12-29 15:03:06', '待联系', '360', '1230');
INSERT INTO `zp_employment_jobhunter` VALUES ('209', '2019-12-29 15:03:06', '待联系', '360', '1230');
INSERT INTO `zp_employment_jobhunter` VALUES ('210', '2019-12-29 15:03:08', '待联系', '360', '1230');
INSERT INTO `zp_employment_jobhunter` VALUES ('211', '2019-12-29 15:03:07', '待联系', '360', '1230');
INSERT INTO `zp_employment_jobhunter` VALUES ('212', '2019-12-29 15:03:10', '待联系', '360', '1234');
INSERT INTO `zp_employment_jobhunter` VALUES ('213', '2019-12-29 15:03:10', '待联系', '360', '1234');
INSERT INTO `zp_employment_jobhunter` VALUES ('214', '2019-12-29 15:03:13', '待联系', '360', '1234');
INSERT INTO `zp_employment_jobhunter` VALUES ('215', '2019-12-29 15:03:11', '待联系', '360', '1234');
INSERT INTO `zp_employment_jobhunter` VALUES ('216', '2019-12-29 15:03:22', '待联系', '360', '1235');
INSERT INTO `zp_employment_jobhunter` VALUES ('217', '2019-12-29 15:03:21', '待联系', '360', '1235');
INSERT INTO `zp_employment_jobhunter` VALUES ('218', '2019-12-29 15:03:23', '待联系', '360', '1235');
INSERT INTO `zp_employment_jobhunter` VALUES ('222', '2019-12-29 15:03:23', '待联系', '2897', '1239');
INSERT INTO `zp_employment_jobhunter` VALUES ('223', '2019-12-29 15:03:24', '待联系', '360', '1243');
INSERT INTO `zp_employment_jobhunter` VALUES ('224', '2019-12-29 15:03:24', '待联系', '360', '1244');
INSERT INTO `zp_employment_jobhunter` VALUES ('225', '2019-12-29 15:03:26', '待联系', '360', '1245');
INSERT INTO `zp_employment_jobhunter` VALUES ('226', '2019-12-29 15:03:26', '待联系', '360', '1246');
INSERT INTO `zp_employment_jobhunter` VALUES ('227', '2019-12-29 15:03:28', '待联系', '360', '1247');
INSERT INTO `zp_employment_jobhunter` VALUES ('228', '2019-12-29 15:03:28', '待联系', '360', '1153');
INSERT INTO `zp_employment_jobhunter` VALUES ('229', '2019-12-29 15:03:30', '待联系', '360', '1153');
INSERT INTO `zp_employment_jobhunter` VALUES ('230', '2019-12-29 15:03:32', '待联系', '360', '1153');
INSERT INTO `zp_employment_jobhunter` VALUES ('231', '2019-12-29 15:03:32', '待联系', '360', '1248');
INSERT INTO `zp_employment_jobhunter` VALUES ('232', '2019-12-29 15:03:33', '待联系', '360', '1248');
INSERT INTO `zp_employment_jobhunter` VALUES ('233', '2019-12-29 15:03:34', '待联系', '360', '1249');
INSERT INTO `zp_employment_jobhunter` VALUES ('234', '2019-12-29 15:03:34', '待联系', '360', '1249');
INSERT INTO `zp_employment_jobhunter` VALUES ('235', '2019-12-29 15:03:35', '待联系', '360', '1265');
INSERT INTO `zp_employment_jobhunter` VALUES ('236', '2019-12-29 15:03:35', '待联系', '360', '1266');
INSERT INTO `zp_employment_jobhunter` VALUES ('237', '2019-12-29 15:03:37', '待联系', '360', '1267');
INSERT INTO `zp_employment_jobhunter` VALUES ('238', '2019-12-29 15:03:37', '待联系', '360', '1179');
INSERT INTO `zp_employment_jobhunter` VALUES ('239', '2019-12-29 15:03:38', '待联系', '2855', '1268');
INSERT INTO `zp_employment_jobhunter` VALUES ('240', '2019-12-29 15:03:39', '待联系', '2855', '1269');
INSERT INTO `zp_employment_jobhunter` VALUES ('241', '2019-12-29 15:03:40', '待联系', '2897', '1271');
INSERT INTO `zp_employment_jobhunter` VALUES ('242', '2019-12-29 15:03:41', '待联系', '360', '1272');
INSERT INTO `zp_employment_jobhunter` VALUES ('243', '2019-12-29 15:03:42', '待联系', '360', '1273');
INSERT INTO `zp_employment_jobhunter` VALUES ('244', '2019-12-29 15:03:43', '待联系', '2855', '1273');
INSERT INTO `zp_employment_jobhunter` VALUES ('245', '2019-12-29 15:03:44', '待联系', '2970', '1272');
INSERT INTO `zp_employment_jobhunter` VALUES ('246', '2019-12-29 15:03:45', '待联系', '2973', '1275');
INSERT INTO `zp_employment_jobhunter` VALUES ('247', '2019-12-29 15:03:46', '待联系', '2855', '1087');
INSERT INTO `zp_employment_jobhunter` VALUES ('248', '2019-12-29 15:03:46', '待联系', '360', '1087');
INSERT INTO `zp_employment_jobhunter` VALUES ('249', '2019-12-29 15:03:48', '待联系', '2855', '1087');
INSERT INTO `zp_employment_jobhunter` VALUES ('250', '2019-12-29 15:03:48', '待联系', '360', '1087');
INSERT INTO `zp_employment_jobhunter` VALUES ('252', '2019-12-29 15:03:50', '待联系', '360', '1087');
INSERT INTO `zp_employment_jobhunter` VALUES ('253', '2019-12-29 15:03:51', '待联系', '2901', '1087');
INSERT INTO `zp_employment_jobhunter` VALUES ('254', '2019-12-29 15:03:52', '待联系', '2855', '1280');
INSERT INTO `zp_employment_jobhunter` VALUES ('255', '2019-12-29 15:03:53', '待联系', '360', '1153');
INSERT INTO `zp_employment_jobhunter` VALUES ('258', '2019-12-29 15:03:53', '待联系', '360', '1281');
INSERT INTO `zp_employment_jobhunter` VALUES ('259', '2019-12-29 15:03:54', '待联系', '360', '1224');
INSERT INTO `zp_employment_jobhunter` VALUES ('260', '2019-12-29 15:03:55', '待联系', '360', '1153');
INSERT INTO `zp_employment_jobhunter` VALUES ('261', '2019-12-29 15:03:56', '待联系', '360', '1153');
INSERT INTO `zp_employment_jobhunter` VALUES ('262', '2019-12-29 15:03:57', '待联系', '360', '1282');
INSERT INTO `zp_employment_jobhunter` VALUES ('263', '2019-12-29 15:03:58', '待联系', '360', '1282');
INSERT INTO `zp_employment_jobhunter` VALUES ('264', '2019-12-29 15:03:59', '待联系', '360', '1282');
INSERT INTO `zp_employment_jobhunter` VALUES ('265', '2019-12-29 15:04:00', '待联系', '360', '1283');
INSERT INTO `zp_employment_jobhunter` VALUES ('266', '2019-12-29 15:04:03', '待联系', '360', '1283');
INSERT INTO `zp_employment_jobhunter` VALUES ('267', '2019-12-29 15:04:01', '待联系', '360', '1284');
INSERT INTO `zp_employment_jobhunter` VALUES ('268', '2019-12-29 15:04:05', '待联系', '360', '1284');
INSERT INTO `zp_employment_jobhunter` VALUES ('269', '2019-12-29 15:04:05', '待联系', '360', '1284');
INSERT INTO `zp_employment_jobhunter` VALUES ('270', '2019-12-29 15:04:07', '待联系', '360', '1284');
INSERT INTO `zp_employment_jobhunter` VALUES ('271', '2019-12-29 15:04:07', '待联系', '360', '1284');
INSERT INTO `zp_employment_jobhunter` VALUES ('272', '2019-12-29 15:04:08', '待联系', '360', '1284');
INSERT INTO `zp_employment_jobhunter` VALUES ('273', '2019-12-29 15:04:08', '待联系', '360', '1284');
INSERT INTO `zp_employment_jobhunter` VALUES ('274', '2019-12-29 15:04:09', '待联系', '360', '1284');
INSERT INTO `zp_employment_jobhunter` VALUES ('275', '2019-12-29 15:04:10', '待联系', '360', '1284');
INSERT INTO `zp_employment_jobhunter` VALUES ('276', '2019-12-29 15:04:11', '待联系', '360', '1284');
INSERT INTO `zp_employment_jobhunter` VALUES ('277', '2019-12-29 15:04:12', '待联系', '360', '1284');
INSERT INTO `zp_employment_jobhunter` VALUES ('278', '2019-12-29 15:04:12', '待联系', '360', '1284');
INSERT INTO `zp_employment_jobhunter` VALUES ('279', '2019-12-29 15:04:13', '待联系', '360', '1284');
INSERT INTO `zp_employment_jobhunter` VALUES ('280', '2019-12-29 15:04:14', '待联系', '360', '1284');
INSERT INTO `zp_employment_jobhunter` VALUES ('281', '2019-12-29 15:04:15', '待联系', '360', '1284');
INSERT INTO `zp_employment_jobhunter` VALUES ('282', '2019-12-29 15:04:16', '待联系', '360', '1284');
INSERT INTO `zp_employment_jobhunter` VALUES ('283', '2019-12-29 15:04:17', '待联系', '360', '1285');
INSERT INTO `zp_employment_jobhunter` VALUES ('284', '2019-12-29 15:04:18', '待联系', '360', '1284');
INSERT INTO `zp_employment_jobhunter` VALUES ('285', '2019-12-29 15:04:19', '待联系', '360', '1286');
INSERT INTO `zp_employment_jobhunter` VALUES ('286', '2019-12-29 15:04:20', '待联系', '360', '1305');
INSERT INTO `zp_employment_jobhunter` VALUES ('287', '2019-12-29 15:04:21', '待联系', '2936', '1306');
INSERT INTO `zp_employment_jobhunter` VALUES ('288', '2019-12-29 15:04:22', '待联系', '360', '1307');
INSERT INTO `zp_employment_jobhunter` VALUES ('289', '2019-12-29 15:04:23', '待联系', '2936', '1308');
INSERT INTO `zp_employment_jobhunter` VALUES ('290', '2019-12-29 15:04:22', '待联系', '360', '1307');
INSERT INTO `zp_employment_jobhunter` VALUES ('291', '2019-12-29 15:04:24', '待联系', '2936', '1310');
INSERT INTO `zp_employment_jobhunter` VALUES ('292', '2019-12-29 15:04:25', '待联系', '2897', '1311');
INSERT INTO `zp_employment_jobhunter` VALUES ('293', '2019-12-29 15:04:28', '待联系', '360', '1307');
INSERT INTO `zp_employment_jobhunter` VALUES ('294', '2019-12-29 15:04:29', '待联系', '360', '1307');
INSERT INTO `zp_employment_jobhunter` VALUES ('295', '2019-12-29 15:04:30', '待联系', '360', '1307');
INSERT INTO `zp_employment_jobhunter` VALUES ('296', '2019-12-29 15:04:31', '待联系', '360', '1307');
INSERT INTO `zp_employment_jobhunter` VALUES ('297', '2019-12-29 15:04:32', '待联系', '360', '1319');
INSERT INTO `zp_employment_jobhunter` VALUES ('298', '2019-12-29 15:04:33', '待联系', '360', '1153');
INSERT INTO `zp_employment_jobhunter` VALUES ('299', '2019-12-29 15:04:33', '待联系', '360', '1153');
INSERT INTO `zp_employment_jobhunter` VALUES ('300', '2019-12-29 15:04:34', '待联系', '360', '1153');
INSERT INTO `zp_employment_jobhunter` VALUES ('301', '2019-12-29 15:04:35', '待联系', '2855', '1266');
INSERT INTO `zp_employment_jobhunter` VALUES ('302', '2019-12-29 15:04:36', '待联系', '360', '1153');
INSERT INTO `zp_employment_jobhunter` VALUES ('303', '2019-12-29 15:04:38', '待联系', '360', '1324');
INSERT INTO `zp_employment_jobhunter` VALUES ('304', '2019-12-29 15:04:38', '待联系', '2901', '1266');
INSERT INTO `zp_employment_jobhunter` VALUES ('305', '2019-12-29 15:04:39', '待联系', '2897', '1268');
INSERT INTO `zp_employment_jobhunter` VALUES ('308', '2019-12-29 15:04:40', '待联系', '2897', '1328');
INSERT INTO `zp_employment_jobhunter` VALUES ('313', '2019-12-29 15:04:41', '待联系', '2901', '1330');
INSERT INTO `zp_employment_jobhunter` VALUES ('317', '2019-12-29 15:04:42', '待联系', '360', '1331');
INSERT INTO `zp_employment_jobhunter` VALUES ('318', '2019-12-29 15:04:42', '待联系', '360', '1332');
INSERT INTO `zp_employment_jobhunter` VALUES ('320', '2019-12-29 15:04:43', '待联系', '2901', '1336');
INSERT INTO `zp_employment_jobhunter` VALUES ('321', '2019-12-29 15:04:44', '待联系', '2855', '1337');
INSERT INTO `zp_employment_jobhunter` VALUES ('322', '2019-12-29 15:04:45', '待联系', '2897', '1338');
INSERT INTO `zp_employment_jobhunter` VALUES ('323', '2019-12-29 15:04:46', '待联系', '360', '1345');
INSERT INTO `zp_employment_jobhunter` VALUES ('324', '2019-12-29 15:04:47', '待联系', '2901', '1348');
INSERT INTO `zp_employment_jobhunter` VALUES ('325', '2019-12-29 15:04:49', '待联系', '2903', '1348');
INSERT INTO `zp_employment_jobhunter` VALUES ('326', '2019-12-29 15:04:48', '待联系', '2901', '1349');
INSERT INTO `zp_employment_jobhunter` VALUES ('327', '2019-12-29 15:04:53', '待联系', '2901', '1350');
INSERT INTO `zp_employment_jobhunter` VALUES ('328', '2019-12-29 15:04:54', '待联系', '360', '1070');
INSERT INTO `zp_employment_jobhunter` VALUES ('329', '2019-12-29 15:04:53', '待联系', '360', '1070');
INSERT INTO `zp_employment_jobhunter` VALUES ('330', '2019-12-29 15:04:54', '待联系', '360', '1070');
INSERT INTO `zp_employment_jobhunter` VALUES ('331', '2019-12-29 15:04:55', '待联系', '360', '1070');
INSERT INTO `zp_employment_jobhunter` VALUES ('332', '2019-12-29 15:04:56', '待联系', '360', '1070');
INSERT INTO `zp_employment_jobhunter` VALUES ('333', '2019-12-29 15:04:56', '待联系', '360', '1358');
INSERT INTO `zp_employment_jobhunter` VALUES ('334', '2019-12-29 15:04:57', '待联系', '360', '1361');
INSERT INTO `zp_employment_jobhunter` VALUES ('335', '2019-12-29 15:04:58', '待联系', '360', '1198');
INSERT INTO `zp_employment_jobhunter` VALUES ('336', '2019-12-29 15:04:59', '待联系', '360', '1362');
INSERT INTO `zp_employment_jobhunter` VALUES ('337', '2019-12-29 15:05:00', '待联系', '360', '1070');
INSERT INTO `zp_employment_jobhunter` VALUES ('339', '2019-12-29 15:05:00', '待联系', '360', '1363');
INSERT INTO `zp_employment_jobhunter` VALUES ('340', '2019-12-29 15:05:01', '待联系', '360', '1364');
INSERT INTO `zp_employment_jobhunter` VALUES ('341', '2019-12-29 15:05:02', '待联系', '2855', '1373');
INSERT INTO `zp_employment_jobhunter` VALUES ('342', '2019-12-29 15:05:02', '待联系', '360', '1374');
INSERT INTO `zp_employment_jobhunter` VALUES ('343', '2019-12-29 15:05:04', '待联系', '2901', '1336');
INSERT INTO `zp_employment_jobhunter` VALUES ('344', '2019-12-29 15:05:05', '待联系', '2897', '1336');
INSERT INTO `zp_employment_jobhunter` VALUES ('345', '2019-12-29 15:05:06', '待联系', '2897', '1336');
INSERT INTO `zp_employment_jobhunter` VALUES ('346', '2019-12-29 15:05:07', '待联系', '2897', '1375');
INSERT INTO `zp_employment_jobhunter` VALUES ('347', '2019-12-29 15:05:08', '待联系', '360', '1070');
INSERT INTO `zp_employment_jobhunter` VALUES ('348', '2019-12-29 15:05:09', '待联系', '360', '1070');
INSERT INTO `zp_employment_jobhunter` VALUES ('349', '2019-12-29 15:05:10', '待联系', '360', '1222');
INSERT INTO `zp_employment_jobhunter` VALUES ('350', '2019-12-29 15:05:11', '待联系', '360', '1222');
INSERT INTO `zp_employment_jobhunter` VALUES ('351', '2019-12-29 15:05:12', '待联系', '360', '1222');
INSERT INTO `zp_employment_jobhunter` VALUES ('352', '2019-12-29 15:05:12', '待联系', '360', '1222');
INSERT INTO `zp_employment_jobhunter` VALUES ('353', '2019-12-29 15:05:14', '待联系', '360', '1222');
INSERT INTO `zp_employment_jobhunter` VALUES ('354', '2019-12-29 15:05:16', '待联系', '360', '1222');
INSERT INTO `zp_employment_jobhunter` VALUES ('355', '2019-12-29 15:05:15', '待联系', '360', '1397');
INSERT INTO `zp_employment_jobhunter` VALUES ('356', '2019-12-29 15:05:17', '待联系', '360', '1397');
INSERT INTO `zp_employment_jobhunter` VALUES ('357', '2019-12-29 15:05:17', '待联系', '360', '1198');
INSERT INTO `zp_employment_jobhunter` VALUES ('358', '2019-12-29 15:05:18', '待联系', '360', '1198');
INSERT INTO `zp_employment_jobhunter` VALUES ('359', '2019-12-29 15:05:19', '待联系', '360', '1198');
INSERT INTO `zp_employment_jobhunter` VALUES ('360', '2019-12-29 15:05:20', '待联系', '360', '1198');
INSERT INTO `zp_employment_jobhunter` VALUES ('361', '2019-12-29 15:05:20', '待联系', '360', '1198');
INSERT INTO `zp_employment_jobhunter` VALUES ('362', '2019-12-29 15:05:24', '待联系', '360', '1239');
INSERT INTO `zp_employment_jobhunter` VALUES ('363', '2019-12-29 15:05:22', '待联系', '360', '1239');
INSERT INTO `zp_employment_jobhunter` VALUES ('364', '2019-12-29 15:05:22', '待联系', '360', '1070');
INSERT INTO `zp_employment_jobhunter` VALUES ('365', '2019-10-21 16:21:43', '稍后联系', '360', '32');
INSERT INTO `zp_employment_jobhunter` VALUES ('366', '2019-10-28 16:09:56', '已联系', '360', '32');
INSERT INTO `zp_employment_jobhunter` VALUES ('367', '2019-12-29 15:05:26', '待联系', '2901', '1426');
INSERT INTO `zp_employment_jobhunter` VALUES ('368', '2019-12-29 15:05:26', '待联系', '3200', '1070');
INSERT INTO `zp_employment_jobhunter` VALUES ('369', '2019-12-29 15:05:27', '待联系', '3194', '1070');
INSERT INTO `zp_employment_jobhunter` VALUES ('370', '2019-12-29 15:05:29', '待联系', '360', '1070');
INSERT INTO `zp_employment_jobhunter` VALUES ('371', '2019-12-29 15:05:29', '待联系', '360', '1070');
INSERT INTO `zp_employment_jobhunter` VALUES ('372', '2019-12-29 15:05:30', '待联系', '2970', '1070');
INSERT INTO `zp_employment_jobhunter` VALUES ('373', '2019-12-29 15:05:31', '待联系', '2897', '1070');
INSERT INTO `zp_employment_jobhunter` VALUES ('374', '2019-12-29 15:05:33', '待联系', '2897', '1070');
INSERT INTO `zp_employment_jobhunter` VALUES ('375', '2019-12-29 15:05:32', '待联系', '2855', '1397');
INSERT INTO `zp_employment_jobhunter` VALUES ('376', '2019-12-29 15:05:33', '待联系', '360', '1397');
INSERT INTO `zp_employment_jobhunter` VALUES ('377', '2019-12-29 15:05:34', '待联系', '360', '1397');
INSERT INTO `zp_employment_jobhunter` VALUES ('378', '2019-12-29 15:05:34', '待联系', '360', '1469');

-- ----------------------------
-- Table structure for `zp_jobhunter`
-- ----------------------------
DROP TABLE IF EXISTS `zp_jobhunter`;
CREATE TABLE `zp_jobhunter` (
  `id` bigint(20) NOT NULL AUTO_INCREMENT,
  `username` varchar(255) DEFAULT NULL,
  `password` varchar(255) DEFAULT NULL,
  `realname` varchar(255) DEFAULT NULL,
  `gender` varchar(255) DEFAULT NULL,
  `birth` varchar(255) DEFAULT NULL,
  `telephone` varchar(255) DEFAULT NULL,
  `education` varchar(255) DEFAULT NULL,
  `work_time` varchar(255) DEFAULT NULL,
  `current_status` varchar(255) DEFAULT NULL,
  `resume` varchar(255) DEFAULT NULL,
  PRIMARY KEY (`id`)
) ENGINE=InnoDB AUTO_INCREMENT=1568 DEFAULT CHARSET=utf8;

-- ----------------------------
-- Records of zp_jobhunter
-- ----------------------------
INSERT INTO `zp_jobhunter` VALUES ('32', '尾大的猫猫', '', '小宝', '男', '1996-01', '15963258596', '大专', '3年', '待业', '');
INSERT INTO `zp_jobhunter` VALUES ('1069', '大雄', null, '凤阳', '女', '1997-02', '15629846322', '博士', '3年', '待业', null);
INSERT INTO `zp_jobhunter` VALUES ('1070', '皮卡丘', '', '张三', '男', '1998-11', '15478459874', '大专', '3年', '待业', null);
INSERT INTO `zp_jobhunter` VALUES ('1074', '哆啦A梦', '', '张花', '女', '1997-08', '19272829244', '大专', '3年以上', '待业', '');
INSERT INTO `zp_jobhunter` VALUES ('1087', '樱桃丸子', '', '黄蝴', '男', '1997-05', '18125767877', '小学', '3年以上', '待业', '');
INSERT INTO `zp_jobhunter` VALUES ('1136', '郝先生', '', '郝鸽', '男', '1998-03', '19645378738', '本科', '3年以上', '待业', 'male');
INSERT INTO `zp_jobhunter` VALUES ('1153', '海绵宝宝', '', '韩剧', '男', '1998-03', '19234567895', '本科', '3年以上', '待业', '');
INSERT INTO `zp_jobhunter` VALUES ('1177', '阿雄', '', '冯飞', '女', '2000-01', '15255858623', '本科', '3年以上', '待业', null);
INSERT INTO `zp_jobhunter` VALUES ('1179', '奥特曼', '', '火舞', '男', '1997-05', '13645787234', '博士', '2年', '待业', null);
INSERT INTO `zp_jobhunter` VALUES ('1180', '圣兽', '', '李飞', '男', '1997-06', '19345344234', '博士', '2年', '待业', null);
INSERT INTO `zp_jobhunter` VALUES ('1181', '憨憨', '', '王丹', '男', '1995-06', '15707031913', '博士', '3年以上', '待业', null);
INSERT INTO `zp_jobhunter` VALUES ('1182', '方法', '', '林宏', '男', '2000-01', '15707043864', '本科', '3年以上', '待业', '');
INSERT INTO `zp_jobhunter` VALUES ('1183', '昊昊', null, '邓磊', '女', '1997-05', '15709034535', '博士', '3年', '待业', null);
INSERT INTO `zp_jobhunter` VALUES ('1184', '好嗨噢', null, '华子', '男', '1991-06', '15709034533', '博士', '3年以上', '待业', null);
INSERT INTO `zp_jobhunter` VALUES ('1185', '小娴', '', '李华', '男', '1997-10', '13487945295', '中职', '3年', '待业', '');
INSERT INTO `zp_jobhunter` VALUES ('1188', '黄家考', null, '花子', '男', '1991-09', '15963285695', '中职', '3年以上', '待业', null);
INSERT INTO `zp_jobhunter` VALUES ('1189', '张益达', null, '李伟', '男', '1997-10', '18812344321', '中职', '13年以上', '待业', '');
INSERT INTO `zp_jobhunter` VALUES ('1194', '小焕', '', '张三', '男', '2001-12', '15688888886', '研究生', '无', '待业', '无');
INSERT INTO `zp_jobhunter` VALUES ('1198', '小花', null, '麻子', '女', '1996-12', '17896524699', '中职', '3年', '待业', '111');
INSERT INTO `zp_jobhunter` VALUES ('1202', '小华', null, '张三', '男', '1997-05', '15535166703', '本科', '3年', '待业', null);
INSERT INTO `zp_jobhunter` VALUES ('1205', '小可爱', null, '旺旺', '男', '1999-02', '15535156663', '本科', '3年以上', '待业', null);
INSERT INTO `zp_jobhunter` VALUES ('1208', '大可爱', null, '佳佳', '男', '1991-12', '15535166635', '本科', '3年', '待业', null);
INSERT INTO `zp_jobhunter` VALUES ('1209', '小梦', null, '加急', '男', '1991-09', '15533466662', '本科', '3年', '待业', null);
INSERT INTO `zp_jobhunter` VALUES ('1210', '小萌', '', '欧文', '男', '1997-05', '15536444546', '小学', '3年以上', '待业', '');
INSERT INTO `zp_jobhunter` VALUES ('1211', '小小', null, '违反', '男', '2000-02', '15536444578', '本科', '3年以上', '待业', null);
INSERT INTO `zp_jobhunter` VALUES ('1212', '大大', null, '微微', '男', '1997-10', '15536444555', '本科', '3年', '待业', null);
INSERT INTO `zp_jobhunter` VALUES ('1213', '的', null, '丰富', '男', '1998-12', '15536444225', '本科', '3年以上', '待业', null);
INSERT INTO `zp_jobhunter` VALUES ('1214', '非人防', null, '看看', '男', '1989-02', '15535111113', '本科', '3年', '待业', null);
INSERT INTO `zp_jobhunter` VALUES ('1215', '辅导费', null, '张三', '男', '1997-05', '13366331113', '研究生', '3年以上', '待业', null);
INSERT INTO `zp_jobhunter` VALUES ('1216', '热风', null, '梁iiiui', '女', '1988-02', '15544422224', '本科', '3年', '待业', null);
INSERT INTO `zp_jobhunter` VALUES ('1217', '辅导辅导', null, '地方VB', '女', '1997-10', '18655555544', '本科', '3年', '待业', null);
INSERT INTO `zp_jobhunter` VALUES ('1218', '东方饭店', null, '地方', '女', '1966-12', '12555555555', '本科', '3年', '待业', null);
INSERT INTO `zp_jobhunter` VALUES ('1219', '丰富的', null, '回复', '女', '1999-12', '12555555455', '研究生', '3年', '待业', null);
INSERT INTO `zp_jobhunter` VALUES ('1220', '辅', null, '二等', '女', '1996-03', '15962488569', '本科', '3年', '待业', null);
INSERT INTO `zp_jobhunter` VALUES ('1221', '苟富贵', null, '搜索', '男', '1996-09', '15555555555', '本科', '3年', '待业', null);
INSERT INTO `zp_jobhunter` VALUES ('1222', '很讨厌', null, '流量', '男', '1999-12', '15555555554', '本科', '3年', '待业', null);
INSERT INTO `zp_jobhunter` VALUES ('1223', '一套一套', null, '代表', '男', '1970-12', '15555555555', '研究生', '3年以上', '待业', null);
INSERT INTO `zp_jobhunter` VALUES ('1224', '有一天', null, '更好', '男', '1997-03', '19111111111', '本科', '3年', '待业', null);
INSERT INTO `zp_jobhunter` VALUES ('1225', '皇家空军', null, '打个', '女', '1996-12', '19911111110', '本科', '3年以上', '待业', null);
INSERT INTO `zp_jobhunter` VALUES ('1226', '苟富', null, '搜索', '男', '1999-12', '15221111111', '本科', '3年', '待业', null);
INSERT INTO `zp_jobhunter` VALUES ('1227', '分隔符', null, '滑过', '女', '1992-01', '18982222222', '本科', '3年', '待业', null);
INSERT INTO `zp_jobhunter` VALUES ('1228', '规范', null, '哈哈哈', '男', '1998-12', '16544222222', '本科', '3年以上', '待业', null);
INSERT INTO `zp_jobhunter` VALUES ('1229', '发给', null, '打个包', '男', '1996-06', '14962222555', '本科', '3年', '待业', null);
INSERT INTO `zp_jobhunter` VALUES ('1230', '发', '', '河南', '男', '1997-05', '19222255487', '博士', '3年以上', '待业', '');
INSERT INTO `zp_jobhunter` VALUES ('1231', '规范', null, '更方便', '男', '1997-10', '16522222500', '本科', '3年以上', '待业', null);
INSERT INTO `zp_jobhunter` VALUES ('1232', '与', null, 'ii语言', '男', '1999-11', '12222250000', '本科', '3年', '待业', null);
INSERT INTO `zp_jobhunter` VALUES ('1233', '更方便', null, '地方', '男', '1976-12', '22222250005', '本科', '3年', '待业', null);
INSERT INTO `zp_jobhunter` VALUES ('1234', '更好', null, '哈哈哈', '男', '1997-09', '22222252222', '本科', '3年', '待业', null);
INSERT INTO `zp_jobhunter` VALUES ('1235', '工会内部', null, '改变', '男', '1996-06', '22222252222', '本科', '3年', '待业', null);
INSERT INTO `zp_jobhunter` VALUES ('1239', '更个', null, '公共', '女', '2002-10', '11111111122', '高中', '3年以上', '待业', null);
INSERT INTO `zp_jobhunter` VALUES ('1243', '发给', null, '那你', '男', '1999-01', '12222222222', '本科', '3年', '待业', null);
INSERT INTO `zp_jobhunter` VALUES ('1244', '任务', null, '那你额', '男', '1978-02', '12222111122', '本科', '3年以上', '待业', null);
INSERT INTO `zp_jobhunter` VALUES ('1245', '问问', '', '而非', '男', '1999-12', '12222112222', '大专', '3年以上', '待业', '');
INSERT INTO `zp_jobhunter` VALUES ('1246', '额', null, '热尔', '男', '1985-03', '12222112222', '本科', '3年', '待业', null);
INSERT INTO `zp_jobhunter` VALUES ('1247', '热', null, '那公共', '男', '1998-12', '12222122222', '本科', '3年以上', '待业', null);
INSERT INTO `zp_jobhunter` VALUES ('1248', '发', null, '搜索', '女', '1996-06', '22222222222', '本科', '3年', '待业', null);
INSERT INTO `zp_jobhunter` VALUES ('1249', '小菊', '', '哈哈', '男', '1997-10', '22222222222', '研究生', '3年以上', '待业', '');
INSERT INTO `zp_jobhunter` VALUES ('1265', '丫丫', null, '小艾', '女', '1997-07', '12345567822', '本科', '2年', '待业', null);
INSERT INTO `zp_jobhunter` VALUES ('1266', '明明', null, '小明', '女', '1995-02', '12312312321', '本科', '1年', '待业', null);
INSERT INTO `zp_jobhunter` VALUES ('1267', '王五', null, '王五', '男', '1994-04', '12342345354', '本科', '1年', '待业', null);
INSERT INTO `zp_jobhunter` VALUES ('1268', '小明明', null, '明明', '男', '2000-02', '11111111111', '中职', '1年', '待业', '');
INSERT INTO `zp_jobhunter` VALUES ('1269', '鑫鑫', null, '小鑫', '女', '1999-03', '22222222222', '大专', '1年', '待业', null);
INSERT INTO `zp_jobhunter` VALUES ('1271', '1', null, '李欣', '女', '1992-09', '18879827866', '博士', '1', '待业', null);
INSERT INTO `zp_jobhunter` VALUES ('1272', '小三', null, '黄三', '男', '2000-10', '12345665555', '本科', '3年', '待业', null);
INSERT INTO `zp_jobhunter` VALUES ('1273', '小四', null, '刘四', '女', '1990-05', '12335545341', '中职', '5年', '待业', null);
INSERT INTO `zp_jobhunter` VALUES ('1275', '小七', null, '琪琪', '女', '1998-12', '18989839238', '初中', '2年', '待业', null);
INSERT INTO `zp_jobhunter` VALUES ('1280', '嗯嗯', null, '喵喵喵', '女', '1986-12', '12312312313', '本科', '2年', '待业', null);
INSERT INTO `zp_jobhunter` VALUES ('1281', '乞巧', null, '藏三', '女', '2002-10', '11111111111', '高中', '3年以上', '待业', null);
INSERT INTO `zp_jobhunter` VALUES ('1282', '权益', null, '丰富', '男', '1988-12', '12333333354', '本科', '3年以上', '待业', null);
INSERT INTO `zp_jobhunter` VALUES ('1283', '的地方', null, '张三', '男', '1997-10', '12333333322', '本科', '3年以上', '待业', null);
INSERT INTO `zp_jobhunter` VALUES ('1284', '放到', null, '张', '男', '1996-06', '12333342453', '本科', '3年以上', '待业', null);
INSERT INTO `zp_jobhunter` VALUES ('1285', '路人甲', null, '边城', '男', '1997-01', '18777465231', '初中', '2年', '待业', null);
INSERT INTO `zp_jobhunter` VALUES ('1286', '删掉', '', '张是', '男', '1997-09', '12333311145', '本科', '2年', '待业', '');
INSERT INTO `zp_jobhunter` VALUES ('1305', '232', null, '离散', '女', '1995-06', '23687876777', '高中', '2年', '待业', null);
INSERT INTO `zp_jobhunter` VALUES ('1306', '刚刚更换', null, '王者峡谷', '女', '1997-07', '18777465239', '本科', '3年以上', '待业', null);
INSERT INTO `zp_jobhunter` VALUES ('1307', '张大帅', null, '张三', '女', '1997-09', '19773298479', '小学', '3年', '待业', null);
INSERT INTO `zp_jobhunter` VALUES ('1308', '东个', null, '无极', '女', '1995-12', '12341567895', '本科', '2年', '待业', null);
INSERT INTO `zp_jobhunter` VALUES ('1310', '是大V是', null, '旺旺我', '女', '1997-10', '12345678909', '研究生', '1年', '待业', null);
INSERT INTO `zp_jobhunter` VALUES ('1311', '省份发v', null, '换行符', '男', '1998-09', '15179519999', '高中', '3年以上', '待业', null);
INSERT INTO `zp_jobhunter` VALUES ('1319', '7888风俗', null, '发广告', '男', '1995-06', '79568959582', '本科', '2年', '待业', null);
INSERT INTO `zp_jobhunter` VALUES ('1324', '大幅度', null, '丰公共', '女', '1995-06', '95279527952', '小学', '6', '待业', null);
INSERT INTO `zp_jobhunter` VALUES ('1328', '小吴', null, '王五', '女', '1999-01', '12319527952', '本科', '无', '待业', null);
INSERT INTO `zp_jobhunter` VALUES ('1330', '211地方', null, '地方', '男', '1995-09', '12321952753', '本科', '2年', '待业', null);
INSERT INTO `zp_jobhunter` VALUES ('1331', '  发的的', null, '洪四庠', '男', '1995-12', '22952795274', '本科', '2年', '待业', null);
INSERT INTO `zp_jobhunter` VALUES ('1332', '谁说', null, '弟弟', '男', '2001-01', '45695279527', '本科', '2年', '待业', null);
INSERT INTO `zp_jobhunter` VALUES ('1336', '123456', null, '李四', '男', '1989-12', '15693450922', '本科', '3年', '待业', null);
INSERT INTO `zp_jobhunter` VALUES ('1337', '112112', null, '改变', '男', '1995-06', '21195279527', '高中', '2年', '待业', null);
INSERT INTO `zp_jobhunter` VALUES ('1338', '都是', null, 'Linda', '男', '2000-01', '11111112952', '高中', '2年', '待业', null);
INSERT INTO `zp_jobhunter` VALUES ('1345', '111谁说等等', null, '王五的', '男', '1998-03', '18819981998', '中职', '1~3年', '待业', null);
INSERT INTO `zp_jobhunter` VALUES ('1348', '删掉', null, '谁说的', '男', '1996-06', '32195279527', '小学', '2年', '待业', null);
INSERT INTO `zp_jobhunter` VALUES ('1349', '312都是', null, '丽丽', '男', '1989-05', '13113131331', '本科', '2年', '待业', null);
INSERT INTO `zp_jobhunter` VALUES ('1350', '312删掉', null, '粒利多', '男', '198102', '17313114499', '本科', '2年', '待业', null);
INSERT INTO `zp_jobhunter` VALUES ('1358', '1删掉', null, '对对对', '女', '1995-06', '12195279527', '中职', '1', '待业', null);
INSERT INTO `zp_jobhunter` VALUES ('1361', '123都是', null, '丰台', '女', '1989-12', '10303933355', '中职', '2年', '待业', null);
INSERT INTO `zp_jobhunter` VALUES ('1362', '嗯嗯', null, 'ad ', '女', '1979-10', '11195279527', '研究生', '2年', '待业', '111');
INSERT INTO `zp_jobhunter` VALUES ('1363', '都删掉', null, '黎明', '男', '1976-06', '72737423495', '本科', '2年', '待业', null);
INSERT INTO `zp_jobhunter` VALUES ('1364', '321都是', null, '打啊', '女', '1990-12', '32134213453', '中职', '2年', '待业', null);
INSERT INTO `zp_jobhunter` VALUES ('1373', 'asdf二', null, '哈哈哈', '男', '1998-11', '95275686786', '本科', '无', '待业', null);
INSERT INTO `zp_jobhunter` VALUES ('1374', '1删掉', null, '利达', '男', '1995-06', '18879827860', '本科', '1', '待业', null);
INSERT INTO `zp_jobhunter` VALUES ('1375', '123456', null, '李四', '男', '1989-12', '15693450923', '本科', '3年', '待业', null);
INSERT INTO `zp_jobhunter` VALUES ('1397', '更好 湖北', null, '倭寇', '男', '1990-01', '95279527568', '中职', '2年', '待业', null);
INSERT INTO `zp_jobhunter` VALUES ('1426', 'yanz', null, '黄昏', '男', '1992-09', '13672223717', '本科', '3', '待业', null);
INSERT INTO `zp_jobhunter` VALUES ('1469', '放到发', '', '额的', '男', '1969-12', '18821415140', '本科', '2年', '待业', null);
INSERT INTO `zp_jobhunter` VALUES ('1500', '68587', null, '幻化', '男', '1969-12', '18821415140', '本科', '2年', '待业', null);
INSERT INTO `zp_jobhunter` VALUES ('1501', '68', null, '发动机', '男', '1969-12', '18821415140', '初中', '2年', '待业', null);
INSERT INTO `zp_jobhunter` VALUES ('1502', '786', null, '德生科技度', '男', '1969-12', '18821415140', '本科', '2年', '待业', null);
INSERT INTO `zp_jobhunter` VALUES ('1503', '789', null, '玩下', '男', '1969-12', '18821415140', '本科', '2年', '待业', null);
INSERT INTO `zp_jobhunter` VALUES ('1504', '78', null, '发广告吧', '男', '1969-12', '18821415140', '本科', '2年', '待业', null);
INSERT INTO `zp_jobhunter` VALUES ('1505', '7', null, '晚霞', '男', '1969-12', '18821415140', '本科', '12年', '待业', null);
INSERT INTO `zp_jobhunter` VALUES ('1560', '14521', null, '是大V发', '男', '1969-12', '18821415140', '本科', '3年', '待业', null);
INSERT INTO `zp_jobhunter` VALUES ('1561', '14521', null, '不是定位', '男', '1969-12', '18821415140', '本科', '3年', '待业', null);
INSERT INTO `zp_jobhunter` VALUES ('1566', '不断恢复', null, '士大夫', '女', '544', '2456', '本科', null, null, null);
INSERT INTO `zp_jobhunter` VALUES ('1567', '和雕塑', null, '如果', '女', '13546', '2324', '本科', null, null, null);

-- ----------------------------
-- Table structure for `zp_jobhunter_service`
-- ----------------------------
DROP TABLE IF EXISTS `zp_jobhunter_service`;
CREATE TABLE `zp_jobhunter_service` (
  `id` bigint(20) NOT NULL AUTO_INCREMENT,
  `customer_service_id` bigint(20) NOT NULL,
  `employment_jobhunter_id` bigint(20) NOT NULL,
  PRIMARY KEY (`id`),
  KEY `customer_service_id` (`customer_service_id`),
  KEY `employment_jobhunter_id` (`employment_jobhunter_id`),
  CONSTRAINT `zp_jobhunter_service_ibfk_1` FOREIGN KEY (`customer_service_id`) REFERENCES `zp_customer_service` (`id`),
  CONSTRAINT `zp_jobhunter_service_ibfk_2` FOREIGN KEY (`employment_jobhunter_id`) REFERENCES `zp_employment_jobhunter` (`id`)
) ENGINE=InnoDB AUTO_INCREMENT=11 DEFAULT CHARSET=utf8;

-- ----------------------------
-- Records of zp_jobhunter_service
-- ----------------------------
INSERT INTO `zp_jobhunter_service` VALUES ('1', '30', '1');
INSERT INTO `zp_jobhunter_service` VALUES ('2', '30', '1');
INSERT INTO `zp_jobhunter_service` VALUES ('3', '30', '1');
INSERT INTO `zp_jobhunter_service` VALUES ('4', '30', '1');
INSERT INTO `zp_jobhunter_service` VALUES ('5', '30', '1');
INSERT INTO `zp_jobhunter_service` VALUES ('6', '30', '1');
INSERT INTO `zp_jobhunter_service` VALUES ('7', '30', '1');
INSERT INTO `zp_jobhunter_service` VALUES ('8', '30', '1');
INSERT INTO `zp_jobhunter_service` VALUES ('9', '30', '1');
INSERT INTO `zp_jobhunter_service` VALUES ('10', '30', '1');

-- ----------------------------
-- Table structure for `zp_jobs`
-- ----------------------------
DROP TABLE IF EXISTS `zp_jobs`;
CREATE TABLE `zp_jobs` (
  `id` bigint(255) NOT NULL AUTO_INCREMENT,
  `job_type_id` bigint(20) DEFAULT NULL,
  `name` varchar(255) NOT NULL,
  `status` varchar(255) DEFAULT NULL,
  PRIMARY KEY (`id`),
  KEY `job_type_id` (`job_type_id`),
  CONSTRAINT `zp_jobs_ibfk_1` FOREIGN KEY (`job_type_id`) REFERENCES `zp_job_type` (`id`)
) ENGINE=InnoDB AUTO_INCREMENT=209 DEFAULT CHARSET=utf8;

-- ----------------------------
-- Records of zp_jobs
-- ----------------------------
INSERT INTO `zp_jobs` VALUES ('7', '1', '前端工程师', '互联网');
INSERT INTO `zp_jobs` VALUES ('21', '1', 'Java工程师', null);
INSERT INTO `zp_jobs` VALUES ('22', '1', '程序员', null);
INSERT INTO `zp_jobs` VALUES ('24', '1', '销售员', null);
INSERT INTO `zp_jobs` VALUES ('25', '1', '码农', null);
INSERT INTO `zp_jobs` VALUES ('32', '1', '码农', null);
INSERT INTO `zp_jobs` VALUES ('33', '1', '程序员', null);
INSERT INTO `zp_jobs` VALUES ('124', '1', '泥瓦工', '普工');
INSERT INTO `zp_jobs` VALUES ('125', '1', '电路工', '普工');
INSERT INTO `zp_jobs` VALUES ('126', '1', '电镀工', '普工');
INSERT INTO `zp_jobs` VALUES ('127', '1', '汽修工', '普工');
INSERT INTO `zp_jobs` VALUES ('129', '1', '工程师', null);
INSERT INTO `zp_jobs` VALUES ('134', null, '程序员', null);
INSERT INTO `zp_jobs` VALUES ('136', null, '后台', null);
INSERT INTO `zp_jobs` VALUES ('144', null, '程序员', null);
INSERT INTO `zp_jobs` VALUES ('146', null, '高级工程师', '互联网');
INSERT INTO `zp_jobs` VALUES ('150', '7', '前端工程师', null);
INSERT INTO `zp_jobs` VALUES ('155', null, '码农', null);
INSERT INTO `zp_jobs` VALUES ('159', null, '会计', 'undefined');
INSERT INTO `zp_jobs` VALUES ('160', null, '码农', null);
INSERT INTO `zp_jobs` VALUES ('166', '2', '产品经理', '');
INSERT INTO `zp_jobs` VALUES ('167', '4', '工地头头', '');
INSERT INTO `zp_jobs` VALUES ('170', null, '老师', null);
INSERT INTO `zp_jobs` VALUES ('193', null, '工程师', null);
INSERT INTO `zp_jobs` VALUES ('194', null, '搬砖', null);
INSERT INTO `zp_jobs` VALUES ('200', null, 'java', null);
INSERT INTO `zp_jobs` VALUES ('201', null, 'java', null);
INSERT INTO `zp_jobs` VALUES ('202', null, 'java', '互联网');
INSERT INTO `zp_jobs` VALUES ('203', null, '前端工程', '1');
INSERT INTO `zp_jobs` VALUES ('204', null, 'java', null);
INSERT INTO `zp_jobs` VALUES ('206', null, 'javaee', null);
INSERT INTO `zp_jobs` VALUES ('208', '23', '渔夫', '');

-- ----------------------------
-- Table structure for `zp_job_type`
-- ----------------------------
DROP TABLE IF EXISTS `zp_job_type`;
CREATE TABLE `zp_job_type` (
  `id` bigint(20) NOT NULL AUTO_INCREMENT,
  `name` varchar(255) NOT NULL,
  PRIMARY KEY (`id`)
) ENGINE=InnoDB AUTO_INCREMENT=24 DEFAULT CHARSET=utf8;

-- ----------------------------
-- Records of zp_job_type
-- ----------------------------
INSERT INTO `zp_job_type` VALUES ('1', '互联网/IT/电子');
INSERT INTO `zp_job_type` VALUES ('2', '房地产');
INSERT INTO `zp_job_type` VALUES ('4', '建筑业');
INSERT INTO `zp_job_type` VALUES ('6', '制造业');
INSERT INTO `zp_job_type` VALUES ('7', '农林牧渔');
INSERT INTO `zp_job_type` VALUES ('10', '专业服务');
INSERT INTO `zp_job_type` VALUES ('11', '文化/体育/娱乐');
INSERT INTO `zp_job_type` VALUES ('12', '金融');
INSERT INTO `zp_job_type` VALUES ('13', '生活服务');
INSERT INTO `zp_job_type` VALUES ('23', '渔业');

-- ----------------------------
-- Table structure for `zp_message`
-- ----------------------------
DROP TABLE IF EXISTS `zp_message`;
CREATE TABLE `zp_message` (
  `id` bigint(20) NOT NULL AUTO_INCREMENT,
  `content` varchar(255) DEFAULT NULL,
  `publish_time` timestamp NOT NULL DEFAULT CURRENT_TIMESTAMP ON UPDATE CURRENT_TIMESTAMP,
  `zp_jobhunter_service_id` bigint(20) DEFAULT NULL,
  PRIMARY KEY (`id`)
) ENGINE=InnoDB AUTO_INCREMENT=14 DEFAULT CHARSET=utf8;

-- ----------------------------
-- Records of zp_message
-- ----------------------------
INSERT INTO `zp_message` VALUES ('1', '这是一条消息', '2019-09-24 09:27:21', '1');
INSERT INTO `zp_message` VALUES ('2', '123', '2019-09-24 09:27:21', '1');
INSERT INTO `zp_message` VALUES ('3', '123', '2019-09-24 09:27:21', '1');
INSERT INTO `zp_message` VALUES ('4', '123', '2019-09-24 09:27:21', '1');
INSERT INTO `zp_message` VALUES ('5', '1324', '2019-09-24 09:27:21', '1234');
INSERT INTO `zp_message` VALUES ('6', '1324', '2019-09-24 09:27:21', '1234');
INSERT INTO `zp_message` VALUES ('7', '12', '2019-09-24 09:27:21', '21');
INSERT INTO `zp_message` VALUES ('8', '1', '2019-09-24 09:27:21', '1');
INSERT INTO `zp_message` VALUES ('9', '2', '2019-09-24 09:27:33', '2');
INSERT INTO `zp_message` VALUES ('10', '12', '2019-09-24 09:27:21', '21');
INSERT INTO `zp_message` VALUES ('11', '11', '2019-09-24 09:27:21', '11');
INSERT INTO `zp_message` VALUES ('12', '1', '2019-09-24 09:27:21', '1');
INSERT INTO `zp_message` VALUES ('13', '1', '2019-09-24 09:38:50', '1');

-- ----------------------------
-- Table structure for `zp_province`
-- ----------------------------
DROP TABLE IF EXISTS `zp_province`;
CREATE TABLE `zp_province` (
  `id` bigint(11) NOT NULL AUTO_INCREMENT,
  `name` varchar(255) NOT NULL,
  PRIMARY KEY (`id`)
) ENGINE=InnoDB AUTO_INCREMENT=21 DEFAULT CHARSET=utf8;

-- ----------------------------
-- Records of zp_province
-- ----------------------------
INSERT INTO `zp_province` VALUES ('8', '江苏');
INSERT INTO `zp_province` VALUES ('13', '广西');
INSERT INTO `zp_province` VALUES ('14', '河南');
INSERT INTO `zp_province` VALUES ('15', '河北');
INSERT INTO `zp_province` VALUES ('17', '山西');
INSERT INTO `zp_province` VALUES ('18', '江西');
INSERT INTO `zp_province` VALUES ('20', '广东');

-- ----------------------------
-- Table structure for `zp_welfare`
-- ----------------------------
DROP TABLE IF EXISTS `zp_welfare`;
CREATE TABLE `zp_welfare` (
  `id` bigint(255) NOT NULL AUTO_INCREMENT,
  `name` varchar(255) NOT NULL,
  `status` varchar(255) NOT NULL,
  PRIMARY KEY (`id`)
) ENGINE=InnoDB AUTO_INCREMENT=221 DEFAULT CHARSET=utf8;

-- ----------------------------
-- Records of zp_welfare
-- ----------------------------
INSERT INTO `zp_welfare` VALUES ('198', '双休', '使用中');
INSERT INTO `zp_welfare` VALUES ('200', '一月4休', '冻结中');
INSERT INTO `zp_welfare` VALUES ('202', '五险一金', '冻结中');
INSERT INTO `zp_welfare` VALUES ('203', '五险一金', '使用中');
INSERT INTO `zp_welfare` VALUES ('210', '下午茶', '冻结中');
INSERT INTO `zp_welfare` VALUES ('214', '下午烫水', '使用中');
INSERT INTO `zp_welfare` VALUES ('216', '双休', '使用中');
INSERT INTO `zp_welfare` VALUES ('217', '双休', '使用中');
INSERT INTO `zp_welfare` VALUES ('218', '五险一金', '使用中');
INSERT INTO `zp_welfare` VALUES ('219', '一年30休', '使用中');
INSERT INTO `zp_welfare` VALUES ('220', '一年30休', '使用中');
